事件ID,开始时间,结束时间,时长_分钟,工况,方法集,严重度,触发行数,触发参数行数,归因参数top,归因参数数,归因明细,根因类别,根因主类,部位
987,2024-04-10 04:30:00,2024-04-10 12:32:00,483.0,重载,IsolationForest; Mahalanobis; 单变量IQR+3σ; 残差,74089.398,16422,2870,截割部位_右滚筒_电机_电流,12,单变量·截割部位_左滚筒_电机_电流 z=1.9 实际=219.0 均值=90.3; 单变量·截割部位_左滚筒_电机_电流 z=1.8 实际=209.0 均值=90.3; 单变量·截割部位_左滚筒_电机_电流 z=2.8 实际=275.0 均值=90.3; 马氏·PC2→截割部位_右滚筒_电机_电流_RMS(94%); 马氏·PC1→破碎机_电机_温度_RMS(3%); 马氏·PC3→牵引部位_左电机_电流_RMS(2%); 单变量·截割部位_右滚筒_电机_电流 z=6.3 实际=1066.0 均值=107.1; 单变量·油泵_右电机_电流 z=-0.8 实际=13.0 均值=18.3,电流类,电流类,油泵
1150,2024-04-10 04:32:00,2024-04-10 12:32:00,481.0,调架中,IsolationForest; Mahalanobis; 单变量IQR+3σ; 残差,72482.914,14430,1924,截割部位_右滚筒_电机_电流,10,残差·截割部位_左滚筒_电机_电流 偏高 实际=275.0 vs 预测=137.8; 马氏·PC2→截割部位_右滚筒_电机_电流_RMS(95%); 马氏·PC1→破碎机_电机_温度_RMS(2%); 马氏·PC4→截割部位_左滚筒_电机_电流_RMS(2%); 单变量·截割部位_右滚筒_电机_电流 z=2.7 实际=1066.0 均值=189.7; 单变量·油泵_右电机_电流 z=-0.8 实际=13.0 均值=17.3; 单变量·油泵_左电机_电流 z=-0.6 实际=13.0 均值=18.2; 残差·截割部位_右滚筒_电机_电流 偏高 实际=1066.0 vs 预测=61.4,电流类,电流类,截割部
1223,2024-04-10 04:30:00,2024-04-10 12:40:00,491.0,停机,IsolationForest; Mahalanobis; 单变量IQR+3σ; 残差,72040.858,18658,2408,截割部位_右滚筒_电机_电流,13,单变量·截割部位_左滚筒_电机_电流 z=2.9 实际=219.0 均值=95.4; 单变量·截割部位_左滚筒_电机_电流 z=2.7 实际=209.0 均值=95.4; 单变量·截割部位_左滚筒_电机_电流 z=4.2 实际=275.0 均值=95.4; 马氏·PC3→截割部位_右滚筒_电机_电流_RMS(90%); 马氏·PC1→牵引部位_左电机_电压_RMS(10%); 单变量·截割部位_右滚筒_电机_电流 z=4.9 实际=1066.0 均值=49.1; 单变量·截割部位_左滚筒_电机_电流 z=0.5 实际=47.0 均值=13.4; 单变量·油泵_右电机_电流 z=0.8 实际=13.0 均值=4.2,电流类,电流类,牵引部
1387,2024-04-14 12:42:00,2024-04-17 16:02:00,4521.0,重载,IsolationForest; Mahalanobis; 单变量IQR+3σ; 残差,50991.421,153714,16610,破碎机_电机_温度,21,单变量·截割部位_右滚筒_电机_温度 z=-2.4 实际=0.0 均值=49.4; 单变量·截割部位_左滚筒_电机_温度 z=-2.4 实际=0.0 均值=51.9; 单变量·油泵_右电机_温度 z=-2.5 实际=0.0 均值=40.5; 单变量·油泵_左电机_温度 z=-2.5 实际=0.0 均值=41.3; 单变量·牵引部位_右电机_温度 z=-2.4 实际=0.0 均值=46.0; 单变量·牵引部位_左电机_温度 z=-2.4 实际=0.0 均值=45.5; 单变量·破碎机_电机_温度 z=-0.5 实际=0.0 均值=101.9; 马氏·PC1→破碎机_电机_温度_RMS(67%),破碎机温度钳位(数据质量)/电流类,破碎机温度钳位(数据质量),油泵
1751,2024-04-14 12:42:00,2024-04-17 16:03:00,4522.0,重载牵引,IsolationForest; Mahalanobis; 单变量IQR+3σ; 残差,49986.438,171836,16080,破碎机_电机_温度,23,单变量·截割部位_右滚筒_电机_温度 z=-2.7 实际=0.0 均值=51.6; 单变量·截割部位_左滚筒_电机_温度 z=-2.7 实际=0.0 均值=54.8; 单变量·油泵_右电机_温度 z=-2.9 实际=0.0 均值=42.1; 单变量·油泵_左电机_温度 z=-2.8 实际=0.0 均值=42.9; 单变量·牵引部位_右电机_温度 z=-2.7 实际=0.0 均值=48.5; 单变量·牵引部位_左电机_温度 z=-2.7 实际=0.0 均值=48.0; 单变量·破碎机_电机_温度 z=-0.5 实际=0.0 均值=99.2; 马氏·PC3→截割部位_右滚筒_电机_电流_RMS(65%),破碎机温度钳位(数据质量)/电流类,破碎机温度钳位(数据质量),牵引部
1652,2024-04-15 15:03:00,2024-04-17 12:00:00,2698.0,待机,IsolationForest; Mahalanobis; 单变量IQR+3σ; 残差,49972.501,80940,6270,破碎机_电机_温度,19,马氏·PC1→破碎机_电机_温度_RMS(98%); 马氏·PC2→截割部位_右滚筒_电机_电流_RMS(1%); 马氏·PC1→破碎机_电机_温度_RMS(99%); 马氏·PC2→截割部位_右滚筒_电机_电流_RMS(70%); 马氏·PC3→牵引部位_左电机_电流_RMS(27%); 马氏·PC4→截割部位_左滚筒_电机_电流_RMS(2%); 单变量·牵引部位_右电机_电流 z=8.9 实际=168.0 均值=3.2; 单变量·牵引部位_左电机_电流 z=9.6 实际=182.0 均值=3.2,破碎机温度钳位(数据质量),破碎机温度钳位(数据质量),截割部
885,2024-04-08 16:46:00,2024-04-08 18:03:00,78.0,重载,IsolationForest; Mahalanobis; 单变量IQR+3σ; 残差,49758.997,2652,369,截割部位_左滚筒_电机_电流,20,单变量·截割部位_左滚筒_电机_电流 z=-1.4 实际=0.0 均值=90.3; 单变量·油泵_右电机_温度 z=-2.1 实际=44.0 均值=50.5; 单变量·截割部位_左滚筒_电机_电流 z=14.9 实际=1087.0 均值=90.3; 单变量·油泵_右电机_电流 z=-0.7 实际=14.0 均值=18.3; 单变量·油泵_左电机_电流 z=-0.7 实际=13.0 均值=18.2; 残差·截割部位_左滚筒_电机_电流 偏高 实际=1087.0 vs 预测=34.0; 马氏·PC4→截割部位_左滚筒_电机_电流_RMS(80%); 马氏·PC3→牵引部位_左电机_电流_RMS(18%),电流类,电流类,油泵
2496,2024-04-23 09:10:00,2024-04-23 15:59:00,410.0,待机,IsolationForest; Mahalanobis; 单变量IQR+3σ; 残差,48692.489,15580,1685,牵引部位_右电机_电流,21,马氏·PC1→牵引部位_左电机_电压_RMS(57%); 马氏·PC3→截割部位_右滚筒_电机_电流_RMS(42%); 马氏·PC4→牵引部位_位置米数_RMS(1%); 残差·牵引部位_右电机_电压 偏高 实际=950.0 vs 预测=0.0; 残差·牵引部位_左电机_电压 偏高 实际=950.0 vs 预测=10.0; 马氏·PC1→牵引部位_左电机_电压_RMS(56%); 马氏·PC3→截割部位_右滚筒_电机_电流_RMS(44%); 马氏·PC1→牵引部位_左电机_电压_RMS(51%),电流类,电流类,牵引部
2388,2024-04-23 09:10:00,2024-04-23 15:59:00,410.0,待机,IsolationForest; Mahalanobis; 单变量IQR+3σ; 残差,46790.661,12300,1294,牵引部位_右电机_电流,17,马氏·PC4→截割部位_左滚筒_电机_电流_RMS(41%); 马氏·PC3→牵引部位_左电机_电流_RMS(40%); 马氏·PC2→截割部位_右滚筒_电机_电流_RMS(20%); 马氏·PC3→牵引部位_左电机_电流_RMS(39%); 马氏·PC3→牵引部位_左电机_电流_RMS(71%); 马氏·PC2→截割部位_右滚筒_电机_电流_RMS(29%); 单变量·油泵_右电机_电流 z=3.7 实际=20.0 均值=0.9; 单变量·油泵_左电机_电流 z=3.5 实际=19.0 均值=0.8,电流类,电流类,截割部
940,2024-04-07 15:38:00,2024-04-07 16:09:00,32.0,重载牵引,IsolationForest; Mahalanobis; 单变量IQR+3σ; 残差,38828.169,1216,150,牵引部位_左电机_温度,18,马氏·PC1→牵引部位_左电机_电压_RMS(51%); 马氏·PC3→截割部位_右滚筒_电机_电流_RMS(46%); 马氏·PC4→牵引部位_位置米数_RMS(3%); 残差·牵引部位_右电机_电压 偏高 实际=990.0 vs 预测=42.0; 残差·牵引部位_左电机_电压 偏高 实际=990.0 vs 预测=56.0; 马氏·PC1→牵引部位_左电机_电压_RMS(99%); 单变量·截割部位_右滚筒_电机_温度 z=-3.7 实际=46.0 均值=67.3; 单变量·截割部位_左滚筒_电机_温度 z=-3.6 实际=48.0 均值=72.2,温度类,温度类,牵引部
1363,2024-04-11 14:11:00,2024-04-11 14:32:00,22.0,停机,IsolationForest; Mahalanobis; 单变量IQR+3σ; 残差,38301.934,836,141,截割部位_右滚筒_电机_温度,19,单变量·截割部位_右滚筒_电机_温度 z=-2.7 实际=0.0 均值=51.6; 单变量·截割部位_左滚筒_电机_温度 z=-2.7 实际=0.0 均值=54.8; 单变量·油泵_右电机_温度 z=-2.9 实际=0.0 均值=42.1; 单变量·油泵_左电机_温度 z=-2.8 实际=0.0 均值=42.9; 单变量·牵引部位_右电机_温度 z=-2.7 实际=0.0 均值=48.5; 单变量·牵引部位_左电机_温度 z=-2.7 实际=0.0 均值=48.0; 单变量·破碎机_电机_温度 z=-0.5 实际=0.0 均值=99.2; 残差·截割部位_右滚筒_电机_温度 偏高 实际=44.0 vs 预测=0.0,温度类,温度类,牵引部
1653,2024-04-17 13:05:00,2024-04-17 15:24:00,140.0,待机,IsolationForest; Mahalanobis; 单变量IQR+3σ; 残差,37058.689,4200,530,破碎机_电机_温度,18,马氏·PC1→破碎机_电机_温度_RMS(67%); 马氏·PC3→牵引部位_左电机_电流_RMS(22%); 马氏·PC2→截割部位_右滚筒_电机_电流_RMS(10%); 单变量·破碎机_电机_温度 z=2.3 实际=644.0 均值=134.8; 马氏·PC1→破碎机_电机_温度_RMS(66%); 马氏·PC2→截割部位_右滚筒_电机_电流_RMS(26%); 马氏·PC3→牵引部位_左电机_电流_RMS(8%); 残差·油泵_右电机_电流 偏高 实际=21.0 vs 预测=0.0,破碎机温度钳位(数据质量)/电流类,破碎机温度钳位(数据质量),截割部
1092,2024-04-11 14:11:00,2024-04-11 14:29:00,19.0,停机,IsolationForest; Mahalanobis; 单变量IQR+3σ; 残差,33559.767,646,196,截割部位_右滚筒_电机_温度,20,单变量·截割部位_右滚筒_电机_温度 z=-2.4 实际=0.0 均值=49.4; 单变量·截割部位_左滚筒_电机_温度 z=-2.4 实际=0.0 均值=51.9; 单变量·油泵_右电机_温度 z=-2.5 实际=0.0 均值=40.5; 单变量·油泵_左电机_温度 z=-2.5 实际=0.0 均值=41.3; 单变量·牵引部位_右电机_温度 z=-2.4 实际=0.0 均值=46.0; 单变量·牵引部位_左电机_温度 z=-2.4 实际=0.0 均值=45.5; 单变量·破碎机_电机_温度 z=-0.5 实际=0.0 均值=101.9; 残差·截割部位_右滚筒_电机_温度 偏高 实际=44.0 vs 预测=0.0,温度类,温度类,油泵
164,2024-04-02 13:36:00,2024-04-02 16:04:00,149.0,停机,IsolationForest; Mahalanobis; 单变量IQR+3σ; 残差,32756.938,5066,176,油泵_右油箱_油压,9,马氏·PC2→截割部位_右滚筒_电机_电流_RMS(55%); 马氏·PC3→牵引部位_左电机_电流_RMS(42%); 马氏·PC1→破碎机_电机_温度_RMS(2%); 残差·截割部位_右滚筒_电机_电流 偏高 实际=1091.0 vs 预测=57.8; 马氏·PC2→截割部位_右滚筒_电机_电流_RMS(93%); 马氏·PC3→牵引部位_左电机_电流_RMS(7%); 单变量·油泵_左油箱_油压 z=0.6 实际=0.7 均值=0.3; 单变量·油泵_右油箱_油压 z=0.3 实际=0.4 均值=0.3,油压类,油压类,油泵
1914,2024-04-22 15:34:00,2024-04-22 15:49:00,16.0,停机,IsolationForest; Mahalanobis; 单变量IQR+3σ; 残差,30877.74,544,52,油泵_右油箱_油压,15,单变量·截割部位_右滚筒_电机_温度 z=-3.4 实际=45.0 均值=66.7; 单变量·截割部位_左滚筒_电机_温度 z=-3.6 实际=46.0 均值=71.8; 单变量·油泵_右油箱_油压 z=2.1 实际=8.8 均值=3.0; 单变量·油泵_左油箱_油压 z=-0.0 实际=3.2 均值=3.3; 单变量·牵引部位_右电机_电流 z=-2.1 实际=0.0 均值=105.5; 单变量·牵引部位_左电机_温度 z=-2.3 实际=48.0 均值=64.3; 单变量·牵引部位_左电机_电流 z=-2.1 实际=0.0 均值=105.9; 单变量·油泵_右油箱_油压 z=4.9 实际=16.3 均值=3.0,电流类/温度类,电流类,油泵
384,2024-04-04 13:11:00,2024-04-04 14:00:00,50.0,停机,IsolationForest; Mahalanobis; 单变量IQR+3σ; 残差,30855.645,1700,377,截割部位_左滚筒_电机_温度,20,单变量·截割部位_右滚筒_电机_温度 z=-2.4 实际=0.0 均值=49.4; 单变量·截割部位_左滚筒_电机_温度 z=-2.4 实际=0.0 均值=51.9; 单变量·油泵_右电机_温度 z=-2.5 实际=0.0 均值=40.5; 单变量·油泵_左电机_温度 z=-2.5 实际=0.0 均值=41.3; 单变量·牵引部位_右电机_温度 z=-2.4 实际=0.0 均值=46.0; 单变量·牵引部位_左电机_温度 z=-2.4 实际=0.0 均值=45.5; 单变量·破碎机_电机_温度 z=-0.5 实际=0.0 均值=101.9; 残差·截割部位_右滚筒_电机_温度 偏高 实际=42.0 vs 预测=0.0,温度类,温度类,油泵
736,2024-04-06 15:47:00,2024-04-06 16:00:00,14.0,割煤高位,IsolationForest; Mahalanobis; 单变量IQR+3σ; 残差,29434.59,420,46,油泵_左电机_温度,14,马氏·PC2→截割部位_右滚筒_电机_电流_RMS(79%); 马氏·PC3→牵引部位_左电机_电流_RMS(21%); 残差·截割部位_右滚筒_电机_温度 偏高 实际=54.0 vs 预测=46.8; 残差·截割部位_左滚筒_电机_温度 偏高 实际=58.0 vs 预测=48.2; 残差·油泵_右电机_温度 偏高 实际=44.0 vs 预测=37.8; 残差·油泵_左电机_温度 偏高 实际=45.0 vs 预测=39.0; 马氏·PC2→截割部位_右滚筒_电机_电流_RMS(81%); 马氏·PC3→牵引部位_左电机_电流_RMS(18%),温度类,温度类,截割部
97,2024-04-01 22:27:00,2024-04-01 22:32:00,6.0,停机,IsolationForest; Mahalanobis; 单变量IQR+3σ; 残差,27509.168,228,11,截割部位_右滚筒_电机_电流_RMS,9,马氏·PC1→牵引部位_左电机_电压_RMS(96%); 马氏·PC3→截割部位_右滚筒_电机_电流_RMS(4%); 残差·牵引部位_位置米数 偏高 实际=203.3 vs 预测=32.7; 残差·牵引部位_右电机_温度 偏高 实际=69.0 vs 预测=48.8; 残差·牵引部位_左电机_温度 偏高 实际=68.0 vs 预测=47.0; 马氏·PC1→牵引部位_左电机_电压_RMS(84%); 马氏·PC3→截割部位_右滚筒_电机_电流_RMS(16%); 残差·牵引部位_位置米数 偏高 实际=203.3 vs 预测=66.8,电流类/牵引电压开关量(数据质量),电流类,牵引部
2144,2024-04-20 22:18:00,2024-04-20 22:20:00,3.0,重载牵引,IsolationForest; Mahalanobis; 单变量IQR+3σ; 残差,24210.445,114,9,截割部位_右滚筒_电机_电流_RMS,9,马氏·PC3→截割部位_右滚筒_电机_电流_RMS(97%); 马氏·PC1→牵引部位_左电机_电压_RMS(2%); 残差·截割部位_右滚筒_电机_温度 偏高 实际=71.0 vs 预测=60.8; 残差·截割部位_右滚筒_电机_电流 偏高 实际=705.0 vs 预测=68.0; 残差·牵引部位_位置米数 偏高 实际=340.8 vs 预测=142.5; 马氏·PC1→牵引部位_左电机_电压_RMS(65%); 马氏·PC3→截割部位_右滚筒_电机_电流_RMS(31%); 马氏·PC2→破碎机_电机_温度_RMS(2%),电流类/进刀位置类,电流类,牵引部
1916,2024-04-19 16:01:00,2024-04-19 16:10:00,10.0,待机,IsolationForest; Mahalanobis; 单变量IQR+3σ; 残差,13510.038,300,40,油泵_右电机_温度,11,残差·油泵_右电机_电流 偏高 实际=22.0 vs 预测=0.0; 残差·油泵_左电机_电流 偏高 实际=21.0 vs 预测=0.0; 马氏·PC3→牵引部位_左电机_电流_RMS(53%); 马氏·PC4→截割部位_左滚筒_电机_电流_RMS(34%); 马氏·PC2→截割部位_右滚筒_电机_电流_RMS(13%); 残差·油泵_右电机_电流 偏高 实际=25.0 vs 预测=4.4; 残差·油泵_左电机_电流 偏高 实际=21.0 vs 预测=4.2; 残差·牵引部位_右电机_电流 偏高 实际=39.0 vs 预测=0.0,温度类,温度类,截割部
475,2024-04-05 05:09:00,2024-04-05 06:00:00,52.0,停机,IsolationForest; Mahalanobis; 单变量IQR+3σ; 残差,12378.124,1768,122,油泵_右油箱_油压,16,单变量·牵引部位_右电机_电流 z=-2.1 实际=0.0 均值=105.5; 单变量·牵引部位_左电机_电流 z=-2.1 实际=0.0 均值=105.9; 马氏·PC2→截割部位_右滚筒_电机_电流_RMS(66%); 马氏·PC3→牵引部位_左电机_电流_RMS(33%); 马氏·PC4→截割部位_左滚筒_电机_电流_RMS(1%); 残差·截割部位_左滚筒_电机_电流 偏高 实际=1019.0 vs 预测=125.4; 马氏·PC4→截割部位_左滚筒_电机_电流_RMS(47%); 马氏·PC2→截割部位_右滚筒_电机_电流_RMS(28%),油压类,油压类,油泵
1373,2024-04-11 19:35:00,2024-04-11 20:01:00,27.0,重载牵引,IsolationForest; Mahalanobis; 单变量IQR+3σ; 残差,11409.852,1026,97,截割部位_右滚筒_电机_温度,18,马氏·PC3→截割部位_右滚筒_电机_电流_RMS(51%); 马氏·PC4→牵引部位_位置米数_RMS(49%); 马氏·PC1→牵引部位_左电机_电压_RMS(81%); 马氏·PC3→截割部位_右滚筒_电机_电流_RMS(12%); 马氏·PC4→牵引部位_位置米数_RMS(7%); 残差·油泵_右电机_电流 偏高 实际=29.0 vs 预测=0.0; 残差·牵引部位_右电机_电压 偏高 实际=1030.0 vs 预测=0.0; 残差·牵引部位_左电机_电压 偏高 实际=1030.0 vs 预测=10.0,温度类/电流类,温度类,牵引部
613,2024-04-05 05:23:00,2024-04-05 05:37:00,15.0,停机,IsolationForest; Mahalanobis; 单变量IQR+3σ; 残差,10869.947,570,26,截割部位_右滚筒_电机_电流_RMS,7,马氏·PC1→牵引部位_左电机_电压_RMS(89%); 马氏·PC3→截割部位_右滚筒_电机_电流_RMS(7%); 马氏·PC4→牵引部位_位置米数_RMS(4%); 马氏·PC1→牵引部位_左电机_电压_RMS(90%); 马氏·PC3→截割部位_右滚筒_电机_电流_RMS(5%); 马氏·PC4→牵引部位_位置米数_RMS(5%); 马氏·PC1→牵引部位_左电机_电压_RMS(88%); 马氏·PC4→牵引部位_位置米数_RMS(6%),牵引电压开关量(数据质量)/电流类,牵引电压开关量(数据质量),牵引部
701,2024-04-05 20:59:00,2024-04-05 20:59:00,1.0,待机,IsolationForest; Mahalanobis; 单变量IQR+3σ; 残差,10743.295,38,1,截割部位_右滚筒_电机_电流_RMS,5,马氏·PC1→牵引部位_左电机_电压_RMS(62%); 马氏·PC3→截割部位_右滚筒_电机_电流_RMS(38%),牵引电压开关量(数据质量),牵引电压开关量(数据质量),牵引部
499,2024-04-04 17:35:00,2024-04-04 17:46:00,12.0,重载牵引,IsolationForest; Mahalanobis; 单变量IQR+3σ; 残差,10387.84,456,37,截割部位_右滚筒_电机_电流,13,马氏·PC1→牵引部位_左电机_电压_RMS(67%); 马氏·PC3→截割部位_右滚筒_电机_电流_RMS(33%); 残差·牵引部位_右电机_电压 偏高 实际=1010.0 vs 预测=0.0; 残差·牵引部位_左电机_电压 偏高 实际=1010.0 vs 预测=10.0; 马氏·PC1→牵引部位_左电机_电压_RMS(66%); 马氏·PC3→截割部位_右滚筒_电机_电流_RMS(34%); 马氏·PC1→牵引部位_左电机_电压_RMS(61%); 马氏·PC3→截割部位_右滚筒_电机_电流_RMS(39%),温度类/电流类,温度类,牵引部
116,2024-04-02 00:40:00,2024-04-02 00:42:00,3.0,停机,IsolationForest; Mahalanobis; 单变量IQR+3σ; 残差,10366.181,114,4,牵引部位_左电机_电压_RMS,6,马氏·PC1→牵引部位_左电机_电压_RMS(51%); 马氏·PC3→截割部位_右滚筒_电机_电流_RMS(47%); 马氏·PC4→牵引部位_位置米数_RMS(2%); 马氏·PC1→牵引部位_左电机_电压_RMS(78%); 马氏·PC3→截割部位_右滚筒_电机_电流_RMS(22%); 马氏·PC1→牵引部位_左电机_电压_RMS(100%),牵引电压开关量(数据质量),牵引电压开关量(数据质量),牵引部
1005,2024-04-28 18:24:00,2024-04-28 18:33:00,10.0,停机,IsolationForest; Mahalanobis; 单变量IQR+3σ; 残差,9986.169,260,82,转载机_电机_电流,9,马氏·PC1→转载机_链条速度_RMS(100%); 单变量·转载机_电机_电流 z=17.9 实际=102.0 均值=0.4; 单变量·转载机_电机_转矩 z=23.1 实际=41.0 均值=0.1; 单变量·转载机_电机_转速 z=13.4 实际=1010.0 均值=5.0; 单变量·转载机_链条速度 z=13.4 实际=1584.0 均值=7.8; 残差·转载机_电机_电流 偏高 实际=102.0 vs 预测=0.0; 残差·转载机_电机_转矩 偏高 实际=41.0 vs 预测=0.0; 残差·转载机_电机_转速 偏高 实际=1010.0 vs 预测=0.0,负载信号/链条速度恒量(数据质量),负载信号,转载机ZZJ
1825,2024-05-26 06:53:00,2024-05-26 08:30:00,98.0,停机,IsolationForest; Mahalanobis; 单变量IQR+3σ; 残差,9755.431,2548,793,转载机_电机_转矩,13,马氏·PC1→转载机_链条速度_RMS(100%); 单变量·转载机_减速器_油箱_油位 z=1.2 实际=316.0 均值=277.4; 单变量·转载机_电机_电流 z=12.6 实际=72.0 均值=0.4; 单变量·转载机_电机_转矩 z=9.5 实际=17.0 均值=0.1; 单变量·转载机_电机_转速 z=17.2 实际=1300.0 均值=5.0; 单变量·转载机_链条速度 z=17.2 实际=2028.0 均值=7.8; 残差·转载机_减速器_油箱_油位 偏高 实际=316.0 vs 预测=264.0; 残差·转载机_电机_电流 偏高 实际=72.0 vs 预测=0.0,负载信号/链条速度恒量(数据质量),负载信号,转载机ZZJ
2013,2024-04-19 21:16:00,2024-04-19 21:16:00,1.0,待机,IsolationForest; Mahalanobis; 单变量IQR+3σ; 残差,9633.11,38,2,牵引部位_位置米数,6,马氏·PC1→牵引部位_左电机_电压_RMS(78%); 马氏·PC3→截割部位_右滚筒_电机_电流_RMS(21%); 残差·牵引部位_位置米数 偏高 实际=300.7 vs 预测=114.8,进刀位置类,进刀位置类,牵引部
1006,2024-04-28 18:39:00,2024-04-28 23:48:00,310.0,带载运行,IsolationForest; Mahalanobis; 单变量IQR+3σ; 残差,9400.557,8060,503,转载机_链条速度_RMS,12,马氏·PC1→转载机_链条速度_RMS(100%); 残差·转载机_电机_转速 偏高 实际=1181.0 vs 预测=701.8; 残差·转载机_链条速度 偏高 实际=1831.0 vs 预测=1097.0; 残差·转载机_电机_转速 偏高 实际=1398.0 vs 预测=759.2; 残差·转载机_链条速度 偏高 实际=2185.0 vs 预测=1184.8; 残差·转载机_电机_电流 偏高 实际=130.0 vs 预测=89.6; 单变量·转载机_减速器_油箱_油位 z=2.2 实际=494.0 均值=296.1; 单变量·转载机_减速器_油箱_油位 z=2.2 实际=493.0 均值=296.1,链条速度恒量(数据质量)/油温油位信号,链条速度恒量(数据质量),转载机ZZJ
981,2024-04-28 06:33:00,2024-04-28 06:37:00,5.0,停机,IsolationForest; Mahalanobis; 单变量IQR+3σ; 残差,9391.198,130,8,转载机_减速器_油箱_油位,4,马氏·PC1→转载机_链条速度_RMS(100%); 单变量·转载机_减速器_油箱_油位 z=-1.8 实际=219.0 均值=277.4; 单变量·转载机_减速器_油箱_油位 z=-1.9 实际=216.0 均值=277.4; 单变量·转载机_减速器_油箱_油位 z=-1.6 实际=226.0 均值=277.4,油温油位信号/链条速度恒量(数据质量),油温油位信号,转载机ZZJ
1004,2024-04-28 16:15:00,2024-04-28 17:17:00,63.0,带载运行,IsolationForest; Mahalanobis; 单变量IQR+3σ; 残差,9389.984,1638,195,转载机_减速器_油箱_油位,14,马氏·PC1→转载机_链条速度_RMS(100%); 单变量·转载机_减速器_冷却水_温度 z=-2.9 实际=28.6 均值=42.3; 单变量·转载机_减速器_油箱_油温 z=-3.4 实际=40.2 均值=63.6; 单变量·转载机_变频器_IGBT1温度 z=-4.3 实际=31.0 均值=47.1; 单变量·转载机_变频器_IGBT2温度 z=-4.3 实际=32.0 均值=46.8; 单变量·转载机_变频器_腔体温度 z=-4.3 实际=36.0 均值=52.1; 单变量·转载机_减速器_冷却水_温度 z=-2.8 实际=29.1 均值=42.3; 单变量·转载机_减速器_油箱_油温 z=-3.2 实际=41.8 均值=63.6,油温油位信号/链条速度恒量(数据质量),油温油位信号,转载机ZZJ
983,2024-04-28 06:44:00,2024-04-28 08:22:00,99.0,带载运行,IsolationForest; Mahalanobis; 单变量IQR+3σ; 残差,9389.248,2574,104,转载机_链条速度_RMS,5,马氏·PC1→转载机_链条速度_RMS(100%); 残差·转载机_变频器_IGBT2温度 偏高 实际=47.0 vs 预测=41.2; 残差·转载机_减速器_冷却水_温度 偏高 实际=44.5 vs 预测=39.5,链条速度恒量(数据质量),链条速度恒量(数据质量),转载机ZZJ
1928,2024-04-22 19:04:00,2024-04-22 19:05:00,2.0,停机,IsolationForest; Mahalanobis; 单变量IQR+3σ; 残差,9385.988,68,8,截割部位_右滚筒_电机_电流,11,残差·截割部位_右滚筒_电机_电流 偏高 实际=330.0 vs 预测=144.0; 残差·油泵_左油箱_油压 偏高 实际=19.3 vs 预测=2.6; 残差·油泵_左电机_电流 偏高 实际=50.0 vs 预测=17.0; 马氏·PC2→截割部位_右滚筒_电机_电流_RMS(94%); 马氏·PC3→牵引部位_左电机_电流_RMS(6%); 残差·截割部位_右滚筒_电机_温度 偏高 实际=71.0 vs 预测=51.2; 残差·油泵_右油箱_油压 偏高 实际=0.8 vs 预测=0.1; 残差·牵引部位_右电机_温度 偏高 实际=63.0 vs 预测=45.0,温度类/电流类,温度类,油泵
557,2024-04-16 06:19:00,2024-04-16 06:39:00,21.0,带载运行,IsolationForest; Mahalanobis; 单变量IQR+3σ; 残差,9381.287,546,43,转载机_链条速度_RMS,9,马氏·PC1→转载机_链条速度_RMS(100%); 残差·转载机_减速器_冷却水_温度 偏高 实际=44.9 vs 预测=37.1; 残差·转载机_减速器_油箱_油位 偏高 实际=302.0 vs 预测=241.2; 残差·转载机_电机_转速 偏高 实际=1401.0 vs 预测=848.2; 残差·转载机_链条速度 偏高 实际=2189.0 vs 预测=1326.2; 残差·转载机_电机_转速 偏高 实际=1399.0 vs 预测=848.6; 残差·转载机_链条速度 偏高 实际=2186.0 vs 预测=1327.2; 残差·转载机_电机_电流 偏高 实际=176.0 vs 预测=70.2,链条速度恒量(数据质量)/转速信号,链条速度恒量(数据质量),转载机ZZJ
1428,2024-05-11 18:16:00,2024-05-11 18:26:00,11.0,带载运行,IsolationForest; Mahalanobis; 单变量IQR+3σ; 残差,9380.375,286,11,转载机_链条速度_RMS,3,马氏·PC1→转载机_链条速度_RMS(100%),链条速度恒量(数据质量),链条速度恒量(数据质量),转载机ZZJ
979,2024-04-28 05:15:00,2024-04-28 05:32:00,18.0,带载运行,IsolationForest; Mahalanobis; 单变量IQR+3σ; 残差,9380.116,468,28,转载机_链条速度_RMS,8,马氏·PC1→转载机_链条速度_RMS(100%); 残差·转载机_减速器_冷却水_温度 偏高 实际=44.3 vs 预测=36.4; 残差·转载机_减速器_油箱_油温 偏高 实际=74.2 vs 预测=62.5; 残差·转载机_变频器_IGBT1温度 偏高 实际=47.0 vs 预测=35.8; 残差·转载机_变频器_IGBT2温度 偏高 实际=47.0 vs 预测=35.6; 残差·转载机_变频器_腔体温度 偏高 实际=52.0 vs 预测=40.8,链条速度恒量(数据质量)/转速信号,链条速度恒量(数据质量),转载机ZZJ
1743,2024-04-14 08:13:00,2024-04-14 08:13:00,1.0,待机,IsolationForest; Mahalanobis; 单变量IQR+3σ; 残差,9170.47,38,2,牵引部位_位置米数,6,马氏·PC1→牵引部位_左电机_电压_RMS(77%); 马氏·PC3→截割部位_右滚筒_电机_电流_RMS(23%); 残差·牵引部位_位置米数 偏高 实际=225.7 vs 预测=67.5,进刀位置类,进刀位置类,牵引部
1426,2024-05-11 17:55:00,2024-05-11 18:01:00,7.0,停机,IsolationForest; Mahalanobis; 单变量IQR+3σ; 残差,9062.647,182,16,转载机_减速器_油箱_油位,6,马氏·PC1→转载机_链条速度_RMS(100%); 单变量·转载机_减速器_油箱_油位 z=3.3 实际=383.0 均值=277.4; 残差·转载机_减速器_冷却水_温度 偏高 实际=42.6 vs 预测=34.3; 残差·转载机_减速器_油箱_油温 偏高 实际=61.8 vs 预测=52.4; 单变量·转载机_减速器_油箱_油位 z=2.2 实际=350.0 均值=277.4; 单变量·转载机_减速器_油箱_油位 z=2.0 实际=342.0 均值=277.4; 单变量·转载机_减速器_油箱_油位 z=1.7 实际=331.0 均值=277.4; 单变量·转载机_减速器_油箱_油位 z=1.4 实际=324.0 均值=277.4,油温油位信号,油温油位信号,转载机ZZJ
1333,2024-05-08 19:48:00,2024-05-08 21:24:00,97.0,停机,IsolationForest; Mahalanobis; 单变量IQR+3σ; 残差,9014.463,2522,382,转载机_减速器_油箱_油位,15,马氏·PC1→转载机_链条速度_RMS(100%); 单变量·转载机_减速器_油箱_油位 z=2.0 实际=342.0 均值=277.4; 残差·转载机_减速器_冷却水_温度 偏高 实际=37.2 vs 预测=31.0; 残差·转载机_减速器_油箱_油位 偏高 实际=342.0 vs 预测=269.6; 残差·转载机_减速器_油箱_油温 偏高 实际=61.7 vs 预测=51.3; 残差·转载机_变频器_IGBT1温度 偏高 实际=41.0 vs 预测=31.4; 单变量·转载机_减速器_油箱_油位 z=1.9 实际=338.0 均值=277.4; 残差·转载机_减速器_冷却水_温度 偏高 实际=36.7 vs 预测=32.2,变频器热信号/负载信号,变频器热信号,转载机ZZJ
334,2024-04-03 06:58:00,2024-04-03 07:01:00,4.0,重载牵引,IsolationForest; Mahalanobis; 单变量IQR+3σ; 残差,8993.603,152,5,油泵_左电机_电流,9,残差·油泵_左电机_电流 偏高 实际=43.0 vs 预测=17.8; 马氏·PC1→牵引部位_左电机_电压_RMS(91%); 马氏·PC3→截割部位_右滚筒_电机_电流_RMS(7%); 马氏·PC4→牵引部位_位置米数_RMS(3%); 残差·油泵_右电机_电流 偏高 实际=53.0 vs 预测=17.0; 马氏·PC1→牵引部位_左电机_电压_RMS(92%); 马氏·PC4→牵引部位_位置米数_RMS(5%); 马氏·PC3→截割部位_右滚筒_电机_电流_RMS(4%),电流类/牵引电压开关量(数据质量),电流类,牵引部
1651,2024-04-14 12:53:00,2024-04-15 10:05:00,1273.0,割煤中位,IsolationForest; Mahalanobis; 单变量IQR+3σ; 残差,8991.736,38190,3059,破碎机_电机_温度,19,马氏·PC1→破碎机_电机_温度_RMS(68%); 马氏·PC3→牵引部位_左电机_电流_RMS(21%); 马氏·PC2→截割部位_右滚筒_电机_电流_RMS(11%); 单变量·破碎机_电机_温度 z=2.4 实际=645.0 均值=134.8; 残差·破碎机_电机_温度 偏高 实际=645.0 vs 预测=35.0; 马氏·PC2→截割部位_右滚筒_电机_电流_RMS(48%); 马氏·PC1→破碎机_电机_温度_RMS(28%); 马氏·PC3→牵引部位_左电机_电流_RMS(16%),破碎机温度钳位(数据质量),破碎机温度钳位(数据质量),截割部
696,2024-04-20 19:20:00,2024-04-20 19:46:00,27.0,带载运行,IsolationForest; Mahalanobis; 单变量IQR+3σ; 残差,8807.97,702,120,转载机_链条速度_RMS,13,单变量·转载机_减速器_油箱_油位 z=2.3 实际=503.0 均值=296.1; 残差·转载机_电机_电流 偏高 实际=255.0 vs 预测=98.2; 残差·转载机_电机_转矩 偏高 实际=105.0 vs 预测=35.2; 马氏·PC1→转载机_链条速度_RMS(100%); 单变量·转载机_减速器_油箱_油位 z=2.6 实际=531.0 均值=296.1; 单变量·转载机_变频器_IGBT1温度 z=2.9 实际=58.0 均值=47.1; 单变量·转载机_变频器_腔体温度 z=2.9 实际=63.0 均值=52.1; 残差·转载机_减速器_油箱_油位 偏高 实际=531.0 vs 预测=471.2,变频器热信号/链条速度恒量(数据质量),变频器热信号,转载机ZZJ
1088,2024-05-01 07:46:00,2024-05-01 10:16:00,151.0,带载运行,IsolationForest; Mahalanobis; 单变量IQR+3σ; 残差,8752.002,3926,468,转载机_减速器_冷却水_温度,13,单变量·转载机_变频器_IGBT1温度 z=2.3 实际=56.0 均值=47.1; 单变量·转载机_变频器_腔体温度 z=2.3 实际=61.0 均值=52.1; 单变量·转载机_减速器_冷却水_温度 z=2.5 实际=54.4 均值=42.3; 单变量·转载机_变频器_IGBT1温度 z=2.6 实际=57.0 均值=47.1; 单变量·转载机_变频器_腔体温度 z=2.6 实际=62.0 均值=52.1; 单变量·转载机_减速器_冷却水_温度 z=3.0 实际=56.6 均值=42.3; 单变量·转载机_变频器_IGBT1温度 z=3.1 实际=59.0 均值=47.1; 单变量·转载机_变频器_腔体温度 z=3.1 实际=64.0 均值=52.1,变频器热信号/冷却水温度,变频器热信号,转载机ZZJ
1702,2024-05-23 04:26:00,2024-05-23 04:58:00,33.0,带载运行,IsolationForest; Mahalanobis; 单变量IQR+3σ; 残差,8738.461,858,63,转载机_减速器_油箱_油位,8,马氏·PC1→转载机_链条速度_RMS(100%); 单变量·转载机_减速器_油箱_油位 z=-4.8 实际=121.0 均值=277.4; 残差·转载机_减速器_冷却水_温度 偏高 实际=41.9 vs 预测=37.7; 单变量·转载机_减速器_油箱_油位 z=-7.6 实际=32.0 均值=277.4; 单变量·转载机_减速器_油箱_油位 z=-6.1 实际=79.0 均值=277.4; 单变量·转载机_减速器_油箱_油位 z=-4.5 实际=131.0 均值=277.4; 单变量·转载机_减速器_油箱_油位 z=-3.2 实际=173.0 均值=277.4; 残差·转载机_减速器_油箱_油位 偏高 实际=173.0 vs 预测=101.0,油温油位信号,油温油位信号,转载机ZZJ
426,2024-04-12 00:23:00,2024-04-12 00:23:00,1.0,空载运行,IsolationForest; Mahalanobis; 单变量IQR+3σ; 残差,8736.991,26,6,转载机_链条速度_RMS,7,IF·PC1→转载机_链条速度_RMS(100%); 马氏·PC1→转载机_链条速度_RMS(100%); 残差·转载机_电机_电流 偏高 实际=48.0 vs 预测=0.0; 残差·转载机_电机_转矩 偏高 实际=11.0 vs 预测=0.0; 残差·转载机_电机_转速 偏高 实际=1205.0 vs 预测=0.0; 残差·转载机_链条速度 偏高 实际=1877.0 vs 预测=0.0,链条速度恒量(数据质量)/负载信号,链条速度恒量(数据质量),转载机ZZJ
1728,2024-05-23 21:39:00,2024-05-24 00:03:00,145.0,带载运行,IsolationForest; Mahalanobis; 单变量IQR+3σ; 残差,8734.347,3770,374,转载机_链条速度_RMS,12,马氏·PC1→转载机_链条速度_RMS(100%); 单变量·转载机_变频器_IGBT1温度 z=2.3 实际=56.0 均值=47.1; 单变量·转载机_变频器_腔体温度 z=2.3 实际=61.0 均值=52.1; 残差·转载机_减速器_油箱_油位 偏高 实际=474.0 vs 预测=395.4; 单变量·转载机_变频器_IGBT2温度 z=2.7 实际=56.0 均值=46.8; 单变量·转载机_变频器_IGBT1温度 z=2.6 实际=57.0 均值=47.1; 单变量·转载机_变频器_IGBT2温度 z=2.9 实际=57.0 均值=46.8; 单变量·转载机_变频器_腔体温度 z=2.6 实际=62.0 均值=52.1,变频器热信号/链条速度恒量(数据质量),变频器热信号,转载机ZZJ
486,2024-04-14 05:33:00,2024-04-14 05:33:00,1.0,空载运行,IsolationForest; Mahalanobis; 单变量IQR+3σ; 残差,8731.693,26,7,转载机_链条速度_RMS,7,IF·PC1→转载机_链条速度_RMS(100%); 马氏·PC1→转载机_链条速度_RMS(100%); 残差·转载机_电机_电流 偏高 实际=47.0 vs 预测=0.0; 残差·转载机_电机_转矩 偏高 实际=10.0 vs 预测=0.0; 残差·转载机_电机_转速 偏高 实际=1204.0 vs 预测=0.0; 残差·转载机_链条速度 偏高 实际=1874.0 vs 预测=0.0,链条速度恒量(数据质量)/负载信号,链条速度恒量(数据质量),转载机ZZJ
1903,2024-05-28 02:23:00,2024-05-28 02:43:00,21.0,带载运行,IsolationForest; Mahalanobis; 单变量IQR+3σ; 残差,8721.026,546,32,转载机_链条速度_RMS,8,马氏·PC1→转载机_链条速度_RMS(100%); 残差·转载机_减速器_油箱_油位 偏高 实际=277.0 vs 预测=210.4; 残差·转载机_减速器_油箱_油温 偏高 实际=66.9 vs 预测=60.7; 残差·转载机_变频器_IGBT1温度 偏高 实际=46.0 vs 预测=35.8; 残差·转载机_变频器_IGBT2温度 偏高 实际=46.0 vs 预测=36.0; 残差·转载机_变频器_腔体温度 偏高 实际=51.0 vs 预测=40.8; 单变量·转载机_减速器_油箱_油位 z=-2.4 实际=201.0 均值=277.4; 单变量·转载机_减速器_油箱_油位 z=-2.5 实际=195.0 均值=277.4,链条速度恒量(数据质量)/油温油位信号,链条速度恒量(数据质量),转载机ZZJ
792,2024-04-22 19:53:00,2024-04-22 20:02:00,10.0,停机,IsolationForest; Mahalanobis; 单变量IQR+3σ; 残差,8559.203,260,41,转载机_减速器_油箱_油位,11,马氏·PC1→转载机_链条速度_RMS(100%); 残差·转载机_减速器_冷却水_温度 偏高 实际=41.6 vs 预测=31.0; 残差·转载机_减速器_油箱_油位 偏高 实际=400.0 vs 预测=285.4; 残差·转载机_减速器_油箱_油温 偏高 实际=63.1 vs 预测=50.2; 残差·转载机_变频器_IGBT1温度 偏高 实际=43.0 vs 预测=26.4; 残差·转载机_变频器_IGBT2温度 偏高 实际=43.0 vs 预测=26.6; 残差·转载机_变频器_腔体温度 偏高 实际=48.0 vs 预测=30.4; 残差·转载机_减速器_冷却水_温度 偏高 实际=39.6 vs 预测=33.4,油温油位信号/变频器热信号,油温油位信号,转载机ZZJ
1666,2024-04-13 20:41:00,2024-04-13 20:41:00,1.0,待机,IsolationForest; Mahalanobis; 单变量IQR+3σ; 残差,8557.693,38,3,截割部位_右滚筒_电机_温度,7,马氏·PC1→牵引部位_左电机_电压_RMS(91%); 马氏·PC3→截割部位_右滚筒_电机_电流_RMS(9%); 残差·截割部位_右滚筒_电机_温度 偏高 实际=72.0 vs 预测=60.4; 残差·牵引部位_位置米数 偏高 实际=296.5 vs 预测=84.2,进刀位置类/温度类,进刀位置类,牵引部
2046,2024-04-24 00:17:00,2024-04-24 00:32:00,16.0,重载,IsolationForest; Mahalanobis; 单变量IQR+3σ; 残差,8511.306,544,26,截割部位_右滚筒_电机_温度,10,单变量·截割部位_右滚筒_电机_电流 z=0.6 实际=199.0 均值=107.1; 单变量·截割部位_右滚筒_电机_温度 z=2.4 实际=82.0 均值=66.7; 单变量·截割部位_右滚筒_电机_电流 z=0.8 实际=230.0 均值=107.1; 单变量·截割部位_右滚筒_电机_温度 z=2.6 实际=83.0 均值=66.7; 单变量·截割部位_右滚筒_电机_电流 z=0.6 实际=203.0 均值=107.1; 单变量·截割部位_右滚筒_电机_温度 z=2.9 实际=85.0 均值=66.7; 单变量·截割部位_右滚筒_电机_电流 z=0.4 实际=174.0 均值=107.1; 单变量·截割部位_右滚筒_电机_电流 z=0.4 实际=168.0 均值=107.1,温度类/电流类,温度类,油泵
673,2024-04-20 05:09:00,2024-04-20 05:12:00,4.0,停机,IsolationForest; Mahalanobis; 单变量IQR+3σ; 残差,8388.101,104,25,转载机_变频器_IGBT1温度,8,马氏·PC1→转载机_链条速度_RMS(100%); 单变量·转载机_变频器_IGBT1温度 z=3.2 实际=52.0 均值=33.9; 单变量·转载机_变频器_腔体温度 z=2.9 实际=57.0 均值=38.8; 残差·转载机_减速器_冷却水_温度 偏高 实际=52.8 vs 预测=28.7; 残差·转载机_减速器_油箱_油温 偏高 实际=70.2 vs 预测=41.3; 残差·转载机_变频器_IGBT1温度 偏高 实际=52.0 vs 预测=30.0; 残差·转载机_变频器_IGBT2温度 偏高 实际=51.0 vs 预测=30.0; 残差·转载机_变频器_腔体温度 偏高 实际=57.0 vs 预测=35.0,变频器热信号,变频器热信号,转载机ZZJ
1303,2024-05-08 02:44:00,2024-05-08 02:47:00,4.0,停机,IsolationForest; Mahalanobis; 单变量IQR+3σ; 残差,8377.853,104,12,转载机_链条速度_RMS,8,马氏·PC1→转载机_链条速度_RMS(100%); 残差·转载机_减速器_冷却水_温度 偏高 实际=42.3 vs 预测=36.7; 残差·转载机_减速器_油箱_油温 偏高 实际=67.7 vs 预测=60.9; 残差·转载机_变频器_IGBT1温度 偏高 实际=45.0 vs 预测=25.8; 残差·转载机_变频器_IGBT2温度 偏高 实际=45.0 vs 预测=26.0; 残差·转载机_变频器_腔体温度 偏高 实际=50.0 vs 预测=29.8; 残差·转载机_变频器_IGBT1温度 偏高 实际=41.0 vs 预测=28.2; 残差·转载机_变频器_IGBT2温度 偏高 实际=41.0 vs 预测=28.4,变频器热信号,变频器热信号,转载机ZZJ
622,2024-04-18 09:01:00,2024-04-18 09:11:00,11.0,停机,IsolationForest; Mahalanobis; 单变量IQR+3σ; 残差,8371.22,286,29,转载机_减速器_冷却水_温度,5,马氏·PC1→转载机_链条速度_RMS(100%); 残差·转载机_减速器_冷却水_温度 偏高 实际=45.2 vs 预测=40.0; 残差·转载机_减速器_油箱_油位 偏高 实际=298.0 vs 预测=238.0; 单变量·转载机_减速器_冷却水_温度 z=4.2 实际=51.4 均值=34.5; 残差·转载机_减速器_冷却水_温度 偏高 实际=51.4 vs 预测=40.6; 单变量·转载机_减速器_冷却水_温度 z=3.7 实际=49.6 均值=34.5; 残差·转载机_减速器_冷却水_温度 偏高 实际=49.6 vs 预测=43.1; 单变量·转载机_减速器_冷却水_温度 z=3.1 实际=47.0 均值=34.5,冷却水温度/链条速度恒量(数据质量),冷却水温度,转载机ZZJ
156,2024-04-04 21:57:00,2024-04-04 22:00:00,4.0,停机,IsolationForest; Mahalanobis; 单变量IQR+3σ; 残差,8360.989,104,13,转载机_减速器_油箱_油温,8,马氏·PC1→转载机_链条速度_RMS(100%); 残差·转载机_减速器_冷却水_温度 偏高 实际=49.4 vs 预测=32.7; 残差·转载机_减速器_油箱_油温 偏高 实际=69.5 vs 预测=56.5; 残差·转载机_变频器_IGBT1温度 偏高 实际=46.0 vs 预测=31.6; 残差·转载机_变频器_IGBT2温度 偏高 实际=45.0 vs 预测=32.6; 残差·转载机_变频器_腔体温度 偏高 实际=51.0 vs 预测=36.6; 残差·转载机_减速器_冷却水_温度 偏高 实际=44.2 vs 预测=35.9; 残差·转载机_减速器_油箱_油温 偏高 实际=68.0 vs 预测=58.9,油温油位信号/变频器热信号,油温油位信号,转载机ZZJ
1962,2024-04-19 06:28:00,2024-04-19 06:34:00,7.0,重载牵引,IsolationForest; Mahalanobis; 单变量IQR+3σ; 残差,8121.876,266,11,截割部位_右滚筒_电机_电流,10,单变量·截割部位_右滚筒_电机_电流 z=3.0 实际=207.0 均值=91.5; 单变量·截割部位_右滚筒_电机_电流 z=1.9 实际=166.0 均值=91.5; 单变量·截割部位_右滚筒_电机_电流 z=1.7 实际=156.0 均值=91.5; 马氏·PC1→牵引部位_左电机_电压_RMS(93%); 马氏·PC3→截割部位_右滚筒_电机_电流_RMS(6%); 马氏·PC4→牵引部位_位置米数_RMS(1%); 残差·截割部位_右滚筒_电机_温度 偏高 实际=79.0 vs 预测=68.8; 残差·牵引部位_位置米数 偏高 实际=312.0 vs 预测=71.8,电流类/进刀位置类,电流类,牵引部
831,2024-04-23 19:42:00,2024-04-23 19:51:00,10.0,带载运行,IsolationForest; Mahalanobis; 单变量IQR+3σ; 残差,8090.766,260,24,转载机_链条速度_RMS,9,马氏·PC1→转载机_链条速度_RMS(100%); 残差·转载机_减速器_冷却水_温度 偏高 实际=43.2 vs 预测=30.8; 残差·转载机_减速器_油箱_油位 偏高 实际=436.0 vs 预测=277.8; 残差·转载机_减速器_油箱_油温 偏高 实际=64.9 vs 预测=48.3; 残差·转载机_变频器_IGBT1温度 偏高 实际=48.0 vs 预测=5.8; 残差·转载机_变频器_IGBT2温度 偏高 实际=46.0 vs 预测=6.0; 残差·转载机_变频器_腔体温度 偏高 实际=53.0 vs 预测=6.8; 残差·转载机_变频器_腔体温度 偏高 实际=49.0 vs 预测=25.2,链条速度恒量(数据质量)/变频器热信号,链条速度恒量(数据质量),转载机ZZJ
1878,2024-05-27 08:23:00,2024-05-27 08:30:00,8.0,停机,IsolationForest; Mahalanobis; 单变量IQR+3σ; 残差,8075.455,208,23,转载机_减速器_冷却水_温度,9,马氏·PC1→转载机_链条速度_RMS(100%); 单变量·转载机_减速器_冷却水_温度 z=3.6 实际=49.2 均值=34.5; 残差·转载机_减速器_冷却水_温度 偏高 实际=49.2 vs 预测=39.8; 残差·转载机_减速器_油箱_油位 偏高 实际=407.0 vs 预测=326.4; 残差·转载机_减速器_油箱_油温 偏高 实际=68.4 vs 预测=59.9; 残差·转载机_变频器_IGBT1温度 偏高 实际=49.0 vs 预测=33.0; 残差·转载机_变频器_IGBT2温度 偏高 实际=48.0 vs 预测=33.2; 残差·转载机_变频器_腔体温度 偏高 实际=54.0 vs 预测=38.0,油温油位信号/冷却水温度,油温油位信号,转载机ZZJ
52,2024-04-02 09:24:00,2024-04-02 09:33:00,10.0,停机,IsolationForest; Mahalanobis; 单变量IQR+3σ; 残差,8066.888,260,30,转载机_链条速度_RMS,11,马氏·PC1→转载机_链条速度_RMS(100%); 残差·转载机_减速器_冷却水_压力 偏高 实际=0.3 vs 预测=0.2; 残差·转载机_减速器_冷却水_温度 偏高 实际=47.0 vs 预测=35.1; 残差·转载机_减速器_油箱_油温 偏高 实际=67.7 vs 预测=60.7; 残差·转载机_变频器_IGBT1温度 偏高 实际=47.0 vs 预测=32.0; 残差·转载机_变频器_IGBT2温度 偏高 实际=46.0 vs 预测=33.0; 残差·转载机_变频器_腔体温度 偏高 实际=52.0 vs 预测=37.0; 残差·转载机_减速器_冷却水_温度 偏高 实际=44.3 vs 预测=37.4,链条速度恒量(数据质量)/变频器热信号,链条速度恒量(数据质量),转载机ZZJ
1959,2024-05-29 02:33:00,2024-05-29 02:51:00,19.0,停机,IsolationForest; Mahalanobis; 单变量IQR+3σ; 残差,8061.962,494,104,转载机_减速器_油箱_油位,9,马氏·PC1→转载机_链条速度_RMS(100%); 残差·转载机_减速器_油箱_油位 偏高 实际=435.0 vs 预测=351.0; 单变量·转载机_减速器_油箱_油位 z=2.4 实际=513.0 均值=296.1; 残差·转载机_减速器_油箱_油位 偏高 实际=513.0 vs 预测=361.0; 单变量·转载机_减速器_油箱_油位 z=2.8 实际=553.0 均值=296.1; 残差·转载机_减速器_油箱_油位 偏高 实际=553.0 vs 预测=386.6; 残差·转载机_变频器_IGBT1温度 偏高 实际=47.0 vs 预测=40.8; 残差·转载机_变频器_IGBT2温度 偏高 实际=47.0 vs 预测=41.0,变频器热信号/油温油位信号,变频器热信号,转载机ZZJ
364,2024-04-10 03:38:00,2024-04-10 03:41:00,4.0,停机,IsolationForest; Mahalanobis; 单变量IQR+3σ; 残差,8052.786,104,19,转载机_减速器_油箱_油温,8,马氏·PC1→转载机_链条速度_RMS(100%); 残差·转载机_减速器_冷却水_温度 偏高 实际=48.2 vs 预测=28.1; 残差·转载机_减速器_油箱_油温 偏高 实际=64.9 vs 预测=36.7; 残差·转载机_变频器_IGBT1温度 偏高 实际=48.0 vs 预测=30.0; 残差·转载机_变频器_IGBT2温度 偏高 实际=48.0 vs 预测=30.0; 残差·转载机_变频器_腔体温度 偏高 实际=53.0 vs 预测=35.0; 残差·转载机_减速器_冷却水_温度 偏高 实际=46.1 vs 预测=32.1; 残差·转载机_减速器_油箱_油温 偏高 实际=63.4 vs 预测=42.3,变频器热信号/油温油位信号,变频器热信号,转载机ZZJ
127,2024-04-04 08:06:00,2024-04-04 08:09:00,4.0,停机,IsolationForest; Mahalanobis; 单变量IQR+3σ; 残差,8052.764,104,15,转载机_减速器_冷却水_温度,8,马氏·PC1→转载机_链条速度_RMS(100%); 残差·转载机_减速器_冷却水_温度 偏高 实际=43.3 vs 预测=33.0; 残差·转载机_减速器_油箱_油温 偏高 实际=67.7 vs 预测=54.4; 残差·转载机_变频器_IGBT1温度 偏高 实际=46.0 vs 预测=31.0; 残差·转载机_变频器_IGBT2温度 偏高 实际=46.0 vs 预测=32.0; 残差·转载机_变频器_腔体温度 偏高 实际=51.0 vs 预测=36.0; 残差·转载机_减速器_冷却水_温度 偏高 实际=41.2 vs 预测=35.0; 残差·转载机_减速器_油箱_油温 偏高 实际=66.7 vs 预测=57.0,冷却水温度/油温油位信号,冷却水温度,转载机ZZJ
195,2024-04-05 16:41:00,2024-04-05 16:49:00,9.0,带载运行,IsolationForest; Mahalanobis; 单变量IQR+3σ; 残差,8052.424,234,41,转载机_减速器_油箱_油位,9,马氏·PC1→转载机_链条速度_RMS(100%); 单变量·转载机_减速器_油箱_油位 z=4.4 实际=419.0 均值=277.4; 残差·转载机_减速器_冷却水_压力 偏高 实际=0.2 vs 预测=0.0; 残差·转载机_减速器_冷却水_流量 偏高 实际=53.0 vs 预测=0.0; 残差·转载机_减速器_油箱_油位 偏高 实际=419.0 vs 预测=278.0; 残差·转载机_减速器_油箱_油温 偏高 实际=56.2 vs 预测=43.1; 单变量·转载机_减速器_油箱_油位 z=4.2 实际=413.0 均值=277.4; 残差·转载机_减速器_冷却水_流量 偏高 实际=52.0 vs 预测=10.6,油温油位信号/冷却水压力流量,油温油位信号,转载机ZZJ
277,2024-04-07 17:23:00,2024-04-07 17:26:00,4.0,停机,IsolationForest; Mahalanobis; 单变量IQR+3σ; 残差,8052.174,104,18,转载机_减速器_油箱_油温,10,马氏·PC1→转载机_链条速度_RMS(100%); 残差·转载机_减速器_冷却水_温度 偏高 实际=45.2 vs 预测=30.7; 残差·转载机_减速器_油箱_油温 偏高 实际=63.6 vs 预测=41.2; 残差·转载机_变频器_IGBT1温度 偏高 实际=44.0 vs 预测=31.0; 残差·转载机_变频器_IGBT2温度 偏高 实际=44.0 vs 预测=32.0; 残差·转载机_变频器_腔体温度 偏高 实际=49.0 vs 预测=36.0; 残差·转载机_减速器_冷却水_压力 偏高 实际=0.2 vs 预测=0.1; 残差·转载机_减速器_冷却水_流量 偏高 实际=49.0 vs 预测=22.0,冷却水压力流量/油温油位信号,冷却水压力流量,转载机ZZJ
174,2024-04-05 07:10:00,2024-04-05 07:13:00,4.0,停机,IsolationForest; Mahalanobis; 单变量IQR+3σ; 残差,8048.07,104,8,转载机_链条速度_RMS,4,马氏·PC1→转载机_链条速度_RMS(100%); 残差·转载机_减速器_冷却水_温度 偏高 实际=44.4 vs 预测=37.5; 残差·转载机_减速器_冷却水_温度 偏高 实际=43.5 vs 预测=38.9,链条速度恒量(数据质量)/冷却水温度,链条速度恒量(数据质量),转载机ZZJ
132,2024-04-04 09:07:00,2024-04-04 09:24:00,18.0,停机,IsolationForest; Mahalanobis; 单变量IQR+3σ; 残差,8046.499,468,26,转载机_减速器_冷却水_压力,5,马氏·PC1→转载机_链条速度_RMS(100%); 残差·转载机_减速器_冷却水_压力 偏高 实际=0.2 vs 预测=0.1; 残差·转载机_减速器_冷却水_流量 偏高 实际=50.0 vs 预测=25.8; 残差·转载机_减速器_冷却水_流量 偏高 实际=51.0 vs 预测=27.2,冷却水压力流量,冷却水压力流量,转载机ZZJ
816,2024-04-23 09:12:00,2024-04-23 09:17:00,6.0,停机,IsolationForest; Mahalanobis; 单变量IQR+3σ; 残差,8045.719,156,7,转载机_链条速度_RMS,5,马氏·PC1→转载机_链条速度_RMS(100%); 残差·转载机_减速器_冷却水_流量 偏高 实际=42.0 vs 预测=20.0; 残差·转载机_减速器_冷却水_压力 偏高 实际=0.2 vs 预测=0.1; 残差·转载机_减速器_冷却水_流量 偏高 实际=44.0 vs 预测=20.6,冷却水压力流量/链条速度恒量(数据质量),冷却水压力流量,转载机ZZJ
882,2024-04-24 23:50:00,2024-04-24 23:53:00,4.0,停机,IsolationForest; Mahalanobis; 单变量IQR+3σ; 残差,8044.928,104,9,转载机_链条速度_RMS,5,马氏·PC1→转载机_链条速度_RMS(100%); 残差·转载机_减速器_冷却水_温度 偏高 实际=47.5 vs 预测=37.0; 残差·转载机_减速器_油箱_油温 偏高 实际=68.0 vs 预测=62.7; 残差·转载机_减速器_冷却水_温度 偏高 实际=42.9 vs 预测=38.8,链条速度恒量(数据质量)/冷却水温度,链条速度恒量(数据质量),转载机ZZJ
183,2024-04-05 09:14:00,2024-04-05 09:19:00,6.0,停机,IsolationForest; Mahalanobis; 单变量IQR+3σ; 残差,8044.422,156,16,转载机_减速器_冷却水_压力,8,马氏·PC1→转载机_链条速度_RMS(100%); 残差·转载机_减速器_冷却水_压力 偏高 实际=0.2 vs 预测=0.0; 残差·转载机_减速器_冷却水_流量 偏高 实际=47.0 vs 预测=14.2; 残差·转载机_变频器_IGBT1温度 偏高 实际=44.0 vs 预测=33.8; 残差·转载机_变频器_IGBT2温度 偏高 实际=44.0 vs 预测=34.0; 残差·转载机_变频器_腔体温度 偏高 实际=49.0 vs 预测=38.8; 残差·转载机_减速器_冷却水_流量 偏高 实际=47.0 vs 预测=20.8; 残差·转载机_减速器_冷却水_压力 偏高 实际=0.2 vs 预测=0.1,冷却水压力流量/变频器热信号,冷却水压力流量,转载机ZZJ
1268,2024-05-07 03:48:00,2024-05-07 03:51:00,4.0,停机,IsolationForest; Mahalanobis; 单变量IQR+3σ; 残差,8043.883,104,16,转载机_减速器_冷却水_温度,8,马氏·PC1→转载机_链条速度_RMS(100%); 残差·转载机_减速器_冷却水_温度 偏高 实际=43.5 vs 预测=33.2; 残差·转载机_减速器_油箱_油温 偏高 实际=70.4 vs 预测=58.7; 残差·转载机_变频器_IGBT1温度 偏高 实际=50.0 vs 预测=31.0; 残差·转载机_变频器_IGBT2温度 偏高 实际=50.0 vs 预测=31.8; 残差·转载机_变频器_腔体温度 偏高 实际=55.0 vs 预测=36.0; 残差·转载机_减速器_冷却水_温度 偏高 实际=41.4 vs 预测=35.2; 残差·转载机_减速器_油箱_油温 偏高 实际=69.4 vs 预测=60.9,变频器热信号/冷却水温度,变频器热信号,转载机ZZJ
510,2024-04-15 00:54:00,2024-04-15 00:59:00,6.0,停机,IsolationForest; Mahalanobis; 单变量IQR+3σ; 残差,8041.045,156,22,转载机_减速器_冷却水_温度,9,马氏·PC1→转载机_链条速度_RMS(100%); 残差·转载机_减速器_冷却水_温度 偏高 实际=45.7 vs 预测=29.7; 残差·转载机_减速器_油箱_油温 偏高 实际=67.7 vs 预测=48.4; 残差·转载机_变频器_IGBT1温度 偏高 实际=47.0 vs 预测=30.0; 残差·转载机_变频器_IGBT2温度 偏高 实际=47.0 vs 预测=31.0; 残差·转载机_变频器_腔体温度 偏高 实际=52.0 vs 预测=35.0; 残差·转载机_减速器_冷却水_温度 偏高 实际=44.1 vs 预测=32.9; 残差·转载机_减速器_油箱_油温 偏高 实际=66.6 vs 预测=52.2,冷却水温度/油温油位信号,冷却水温度,转载机ZZJ
91,2024-04-03 09:55:00,2024-04-03 10:00:00,6.0,停机,IsolationForest; Mahalanobis; 单变量IQR+3σ; 残差,8041.024,156,13,转载机_减速器_冷却水_温度,4,马氏·PC1→转载机_链条速度_RMS(100%); 单变量·转载机_减速器_冷却水_温度 z=4.5 实际=52.9 均值=34.5; 残差·转载机_减速器_冷却水_温度 偏高 实际=52.9 vs 预测=45.0; 单变量·转载机_减速器_冷却水_温度 z=3.6 实际=49.2 均值=34.5; 单变量·转载机_减速器_冷却水_温度 z=3.1 实际=46.9 均值=34.5; 单变量·转载机_减速器_冷却水_温度 z=2.9 实际=46.4 均值=34.5; 单变量·转载机_减速器_冷却水_温度 z=2.7 实际=45.4 均值=34.5,冷却水温度,冷却水温度,转载机ZZJ
1129,2024-05-02 10:18:00,2024-05-02 10:23:00,6.0,停机,IsolationForest; Mahalanobis; 单变量IQR+3σ; 残差,8040.207,156,11,转载机_链条速度_RMS,4,马氏·PC1→转载机_链条速度_RMS(100%); 残差·转载机_减速器_冷却水_流量 偏高 实际=56.0 vs 预测=31.4; 残差·转载机_减速器_冷却水_流量 偏高 实际=56.0 vs 预测=31.8,链条速度恒量(数据质量)/冷却水压力流量,链条速度恒量(数据质量),转载机ZZJ
602,2024-04-17 17:30:00,2024-04-17 17:39:00,10.0,带载运行,IsolationForest; Mahalanobis; 单变量IQR+3σ; 残差,8039.87,260,30,转载机_减速器_油箱_油位,7,马氏·PC1→转载机_链条速度_RMS(100%); 单变量·转载机_减速器_油箱_油位 z=4.0 实际=406.0 均值=277.4; 残差·转载机_减速器_冷却水_压力 偏高 实际=0.2 vs 预测=0.0; 残差·转载机_减速器_冷却水_流量 偏高 实际=54.0 vs 预测=0.0; 残差·转载机_减速器_油箱_油位 偏高 实际=406.0 vs 预测=276.6; 残差·转载机_减速器_油箱_油温 偏高 实际=51.9 vs 预测=39.1; 单变量·转载机_减速器_油箱_油位 z=3.5 实际=390.0 均值=277.4; 残差·转载机_减速器_冷却水_流量 偏高 实际=54.0 vs 预测=10.8,油温油位信号/冷却水压力流量,油温油位信号,转载机ZZJ
1994,2024-05-30 18:33:00,2024-05-30 18:36:00,4.0,停机,IsolationForest; Mahalanobis; 单变量IQR+3σ; 残差,8039.523,104,13,转载机_减速器_油箱_油温,8,马氏·PC1→转载机_链条速度_RMS(100%); 残差·转载机_减速器_冷却水_压力 偏高 实际=0.2 vs 预测=0.0; 残差·转载机_减速器_冷却水_流量 偏高 实际=50.0 vs 预测=8.2; 残差·转载机_减速器_冷却水_温度 偏高 实际=37.7 vs 预测=32.8; 残差·转载机_减速器_油箱_油位 偏高 实际=375.0 vs 预测=276.0; 残差·转载机_减速器_油箱_油温 偏高 实际=59.6 vs 预测=49.7; 残差·转载机_减速器_冷却水_压力 偏高 实际=0.2 vs 预测=0.1; 残差·转载机_减速器_冷却水_流量 偏高 实际=51.0 vs 预测=18.2,冷却水压力流量/油温油位信号,冷却水压力流量,转载机ZZJ
1022,2024-04-29 10:03:00,2024-04-29 10:14:00,12.0,停机,IsolationForest; Mahalanobis; 单变量IQR+3σ; 残差,8038.687,312,23,转载机_减速器_冷却水_压力,9,马氏·PC1→转载机_链条速度_RMS(100%); 残差·转载机_减速器_冷却水_温度 偏高 实际=44.9 vs 预测=38.3; 残差·转载机_变频器_IGBT1温度 偏高 实际=43.0 vs 预测=30.8; 残差·转载机_变频器_IGBT2温度 偏高 实际=43.0 vs 预测=30.8; 残差·转载机_变频器_腔体温度 偏高 实际=48.0 vs 预测=34.8; 残差·转载机_减速器_冷却水_压力 偏高 实际=0.2 vs 预测=0.1; 残差·转载机_减速器_冷却水_流量 偏高 实际=51.0 vs 预测=29.2,冷却水压力流量/变频器热信号,冷却水压力流量,转载机ZZJ
1447,2024-05-12 03:36:00,2024-05-12 03:39:00,4.0,停机,IsolationForest; Mahalanobis; 单变量IQR+3σ; 残差,8038.206,104,15,转载机_减速器_冷却水_温度,8,马氏·PC1→转载机_链条速度_RMS(100%); 残差·转载机_减速器_冷却水_温度 偏高 实际=47.4 vs 预测=34.7; 残差·转载机_减速器_油箱_油温 偏高 实际=66.3 vs 预测=59.7; 残差·转载机_变频器_IGBT1温度 偏高 实际=46.0 vs 预测=33.0; 残差·转载机_变频器_IGBT2温度 偏高 实际=46.0 vs 预测=33.4; 残差·转载机_变频器_腔体温度 偏高 实际=51.0 vs 预测=38.0; 残差·转载机_减速器_冷却水_温度 偏高 实际=44.8 vs 预测=37.1; 残差·转载机_减速器_冷却水_温度 偏高 实际=43.3 vs 预测=39.2,冷却水温度/变频器热信号,冷却水温度,转载机ZZJ
1439,2024-05-11 23:22:00,2024-05-11 23:31:00,10.0,带载运行,IsolationForest; Mahalanobis; 单变量IQR+3σ; 残差,8036.003,260,29,转载机_链条速度_RMS,8,残差·转载机_电机_电流 偏高 实际=123.0 vs 预测=80.4; 残差·转载机_电机_转矩 偏高 实际=50.0 vs 预测=27.6; 残差·转载机_变频器_IGBT1温度 偏高 实际=51.0 vs 预测=43.4; 残差·转载机_变频器_IGBT2温度 偏高 实际=51.0 vs 预测=43.8; 残差·转载机_变频器_腔体温度 偏高 实际=56.0 vs 预测=48.4; 残差·转载机_电机_电流 偏高 实际=231.0 vs 预测=91.8; 残差·转载机_电机_转矩 偏高 实际=97.0 vs 预测=34.0; 马氏·PC1→转载机_链条速度_RMS(100%),负载信号/变频器热信号,负载信号,转载机ZZJ
1595,2024-05-17 06:52:00,2024-05-17 06:55:00,4.0,停机,IsolationForest; Mahalanobis; 单变量IQR+3σ; 残差,8035.819,104,16,转载机_减速器_油箱_油温,8,马氏·PC1→转载机_链条速度_RMS(100%); 残差·转载机_减速器_冷却水_温度 偏高 实际=40.2 vs 预测=30.6; 残差·转载机_减速器_油箱_油温 偏高 实际=62.6 vs 预测=45.8; 残差·转载机_变频器_IGBT1温度 偏高 实际=45.0 vs 预测=31.0; 残差·转载机_变频器_IGBT2温度 偏高 实际=45.0 vs 预测=32.0; 残差·转载机_变频器_腔体温度 偏高 实际=50.0 vs 预测=36.0; 残差·转载机_减速器_冷却水_温度 偏高 实际=39.2 vs 预测=32.5; 残差·转载机_减速器_油箱_油温 偏高 实际=61.6 vs 预测=49.1,油温油位信号/冷却水温度,油温油位信号,转载机ZZJ
96,2024-04-03 10:26:00,2024-04-03 10:30:00,5.0,停机,IsolationForest; Mahalanobis; 单变量IQR+3σ; 残差,8035.596,130,11,转载机_链条速度_RMS,7,马氏·PC1→转载机_链条速度_RMS(100%); 残差·转载机_减速器_冷却水_温度 偏高 实际=43.5 vs 预测=38.9; 残差·转载机_减速器_油箱_油温 偏高 实际=67.0 vs 预测=61.6; 残差·转载机_变频器_IGBT1温度 偏高 实际=43.0 vs 预测=33.0; 残差·转载机_减速器_冷却水_压力 偏高 实际=0.2 vs 预测=0.1,链条速度恒量(数据质量)/冷却水压力流量,链条速度恒量(数据质量),转载机ZZJ
398,2024-04-11 02:18:00,2024-04-11 02:21:00,4.0,停机,IsolationForest; Mahalanobis; 单变量IQR+3σ; 残差,8034.04,104,15,转载机_减速器_冷却水_温度,9,马氏·PC1→转载机_链条速度_RMS(100%); 单变量·转载机_减速器_冷却水_温度 z=3.7 实际=49.5 均值=34.5; 残差·转载机_减速器_冷却水_温度 偏高 实际=49.5 vs 预测=38.4; 残差·转载机_减速器_油箱_油温 偏高 实际=70.8 vs 预测=57.9; 残差·转载机_变频器_IGBT1温度 偏高 实际=48.0 vs 预测=37.2; 残差·转载机_变频器_IGBT2温度 偏高 实际=47.0 vs 预测=37.4; 残差·转载机_变频器_腔体温度 偏高 实际=53.0 vs 预测=42.2; 单变量·转载机_减速器_冷却水_温度 z=3.1 实际=47.1 均值=34.5,冷却水温度/变频器热信号,冷却水温度,转载机ZZJ
267,2024-04-07 02:56:00,2024-04-07 09:19:00,384.0,带载运行,IsolationForest; Mahalanobis; 单变量IQR+3σ; 残差,8031.091,9984,611,转载机_减速器_冷却水_温度,9,单变量·转载机_减速器_冷却水_温度 z=2.4 实际=53.6 均值=42.3; 单变量·转载机_减速器_冷却水_温度 z=2.5 实际=54.1 均值=42.3; 单变量·转载机_减速器_冷却水_温度 z=2.6 实际=54.6 均值=42.3; 单变量·转载机_减速器_冷却水_温度 z=2.7 实际=55.1 均值=42.3; 单变量·转载机_减速器_冷却水_温度 z=2.8 实际=55.6 均值=42.3; 单变量·转载机_减速器_冷却水_温度 z=2.9 实际=56.1 均值=42.3; 单变量·转载机_减速器_冷却水_温度 z=3.0 实际=56.6 均值=42.3; 单变量·转载机_减速器_冷却水_温度 z=3.1 实际=57.1 均值=42.3,冷却水温度,冷却水温度,转载机ZZJ
722,2024-04-21 10:16:00,2024-04-21 10:19:00,4.0,停机,IsolationForest; Mahalanobis; 单变量IQR+3σ; 残差,8026.297,104,8,转载机_链条速度_RMS,5,马氏·PC1→转载机_链条速度_RMS(100%); 残差·转载机_减速器_冷却水_压力 偏高 实际=0.2 vs 预测=0.0; 残差·转载机_减速器_冷却水_流量 偏高 实际=48.0 vs 预测=22.6; 残差·转载机_减速器_冷却水_压力 偏高 实际=0.2 vs 预测=0.1,冷却水压力流量/链条速度恒量(数据质量),冷却水压力流量,转载机ZZJ
1341,2024-05-09 01:36:00,2024-05-09 01:51:00,16.0,停机,IsolationForest; Mahalanobis; 单变量IQR+3σ; 残差,7979.189,416,39,转载机_减速器_冷却水_温度,8,单变量·转载机_电机_电流 z=4.1 实际=146.0 均值=86.6; 单变量·转载机_电机_转矩 z=2.8 实际=55.0 均值=28.2; 残差·转载机_电机_电流 偏高 实际=146.0 vs 预测=82.6; 残差·转载机_电机_转矩 偏高 实际=55.0 vs 预测=23.6; 残差·转载机_电机_电流 偏高 实际=146.0 vs 预测=95.4; 残差·转载机_电机_转矩 偏高 实际=55.0 vs 预测=30.0; 残差·转载机_电机_电流 偏高 实际=146.0 vs 预测=108.0; 马氏·PC1→转载机_链条速度_RMS(100%),负载信号/冷却水温度,负载信号,转载机ZZJ
1714,2024-05-23 15:14:00,2024-05-23 15:34:00,21.0,停机,IsolationForest; Mahalanobis; 单变量IQR+3σ; 残差,7873.879,546,193,转载机_电机_电流,11,马氏·PC1→转载机_链条速度_RMS(100%); 单变量·转载机_电机_电流 z=11.6 实际=66.0 均值=0.4; 单变量·转载机_电机_转矩 z=7.9 实际=14.0 均值=0.1; 单变量·转载机_电机_转速 z=8.0 实际=609.0 均值=5.0; 单变量·转载机_链条速度 z=8.1 实际=956.0 均值=7.8; 残差·转载机_电机_电流 偏高 实际=66.0 vs 预测=0.0; 残差·转载机_电机_转矩 偏高 实际=14.0 vs 预测=0.0; 残差·转载机_电机_转速 偏高 实际=609.0 vs 预测=0.0,负载信号/变频器热信号,负载信号,转载机ZZJ
796,2024-04-22 22:23:00,2024-04-22 22:26:00,4.0,停机,IsolationForest; Mahalanobis; 单变量IQR+3σ; 残差,7816.785,104,11,转载机_减速器_冷却水_温度,5,马氏·PC1→转载机_链条速度_RMS(100%); 残差·转载机_减速器_冷却水_温度 偏高 实际=46.9 vs 预测=31.1; 残差·转载机_减速器_冷却水_温度 偏高 实际=46.1 vs 预测=37.9; 残差·转载机_减速器_油箱_油温 偏高 实际=67.6 vs 预测=61.3; 残差·转载机_减速器_冷却水_温度 偏高 实际=43.5 vs 预测=39.0,冷却水温度/链条速度恒量(数据质量),冷却水温度,转载机ZZJ
447,2024-04-12 23:02:00,2024-04-12 23:15:00,14.0,停机,IsolationForest; Mahalanobis; 单变量IQR+3σ; 残差,7653.401,364,61,转载机_变频器_IGBT1温度,11,马氏·PC1→转载机_链条速度_RMS(100%); 单变量·转载机_变频器_IGBT1温度 z=2.5 实际=48.0 均值=33.9; 单变量·转载机_变频器_IGBT2温度 z=2.5 实际=48.0 均值=34.1; 单变量·转载机_变频器_腔体温度 z=2.3 实际=53.0 均值=38.8; 残差·转载机_减速器_冷却水_压力 偏高 实际=0.2 vs 预测=0.0; 残差·转载机_减速器_冷却水_流量 偏高 实际=49.0 vs 预测=0.0; 残差·转载机_减速器_冷却水_温度 偏高 实际=43.5 vs 预测=35.8; 残差·转载机_减速器_油箱_油温 偏高 实际=68.0 vs 预测=39.5,变频器热信号/冷却水压力流量,变频器热信号,转载机ZZJ
449,2024-04-04 04:43:00,2024-04-04 04:44:00,2.0,待机,IsolationForest; Mahalanobis; 单变量IQR+3σ; 残差,7455.878,76,4,油泵_左电机_电流,8,残差·油泵_左电机_电流 偏高 实际=49.0 vs 预测=17.0; 马氏·PC1→牵引部位_左电机_电压_RMS(97%); 马氏·PC4→牵引部位_位置米数_RMS(3%); 残差·牵引部位_位置米数 偏高 实际=346.4 vs 预测=135.0; 残差·牵引部位_右电机_电压 偏高 实际=890.0 vs 预测=368.0,牵引电压开关量(数据质量)/电流类,牵引电压开关量(数据质量),牵引部
1586,2024-04-13 03:13:00,2024-04-13 03:14:00,2.0,停机,IsolationForest; Mahalanobis; 单变量IQR+3σ; 残差,7424.785,76,5,牵引部位_位置米数,8,马氏·PC1→牵引部位_左电机_电压_RMS(97%); 马氏·PC4→牵引部位_位置米数_RMS(2%); 残差·截割部位_右滚筒_电机_温度 偏高 实际=77.0 vs 预测=68.2; 残差·牵引部位_位置米数 偏高 实际=321.9 vs 预测=70.9; 马氏·PC1→牵引部位_左电机_电压_RMS(84%); 马氏·PC3→截割部位_右滚筒_电机_电流_RMS(12%); 马氏·PC4→牵引部位_位置米数_RMS(4%); 残差·牵引部位_位置米数 偏高 实际=321.9 vs 预测=30.9,进刀位置类/牵引电压开关量(数据质量),进刀位置类,牵引部
561,2024-04-05 23:09:00,2024-04-05 23:14:00,6.0,停机,IsolationForest; Mahalanobis; 单变量IQR+3σ; 残差,7262.478,204,10,破碎机_电机_温度,5,马氏·PC2→截割部位_右滚筒_电机_电流_RMS(88%); 马氏·PC3→牵引部位_左电机_电流_RMS(11%); 马氏·PC4→截割部位_左滚筒_电机_电流_RMS(1%); 单变量·破碎机_电机_温度 z=-0.1 实际=74.0 均值=101.9; 马氏·PC2→截割部位_右滚筒_电机_电流_RMS(90%); 马氏·PC3→牵引部位_左电机_电流_RMS(9%); 单变量·破碎机_电机_温度 z=-0.2 实际=73.0 均值=101.9; 马氏·PC2→截割部位_右滚筒_电机_电流_RMS(92%),破碎机温度钳位(数据质量),破碎机温度钳位(数据质量),油泵
2343,2024-04-22 03:59:00,2024-04-22 03:59:00,1.0,待机,IsolationForest; Mahalanobis; 单变量IQR+3σ; 残差,6655.179,38,3,截割部位_右滚筒_电机_温度,8,马氏·PC1→牵引部位_左电机_电压_RMS(95%); 马氏·PC4→牵引部位_位置米数_RMS(3%); 马氏·PC3→截割部位_右滚筒_电机_电流_RMS(2%); 残差·截割部位_右滚筒_电机_温度 偏高 实际=80.0 vs 预测=70.4; 残差·牵引部位_位置米数 偏高 实际=348.2 vs 预测=156.1,进刀位置类/温度类,进刀位置类,牵引部
1687,2024-04-14 01:09:00,2024-04-14 01:12:00,4.0,重载牵引,IsolationForest; Mahalanobis; 单变量IQR+3σ; 残差,6645.414,152,7,截割部位_右滚筒_电机_电流,10,马氏·PC1→牵引部位_左电机_电压_RMS(96%); 马氏·PC3→截割部位_右滚筒_电机_电流_RMS(3%); 马氏·PC4→牵引部位_位置米数_RMS(2%); 残差·截割部位_右滚筒_电机_温度 偏高 实际=69.0 vs 预测=58.4; 残差·牵引部位_右电机_温度 偏高 实际=66.0 vs 预测=51.6; 残差·牵引部位_左电机_温度 偏高 实际=66.0 vs 预测=51.6; 单变量·截割部位_右滚筒_电机_电流 z=3.8 实际=240.0 均值=91.5; 单变量·截割部位_右滚筒_电机_电流 z=2.6 实际=191.0 均值=91.5,电流类/温度类,电流类,牵引部
514,2024-04-04 19:28:00,2024-04-04 19:30:00,3.0,停机,IsolationForest; Mahalanobis; 单变量IQR+3σ; 残差,6424.516,114,5,牵引部位_右电机_温度,9,马氏·PC1→牵引部位_左电机_电压_RMS(99%); 残差·牵引部位_右电机_温度 偏高 实际=72.0 vs 预测=52.6; 残差·牵引部位_左电机_温度 偏高 实际=71.0 vs 预测=52.0; 残差·截割部位_左滚筒_电机_电流 偏高 实际=238.0 vs 预测=99.8; 马氏·PC1→牵引部位_左电机_电压_RMS(91%); 马氏·PC3→截割部位_右滚筒_电机_电流_RMS(5%); 马氏·PC4→牵引部位_位置米数_RMS(4%),温度类/牵引电压开关量(数据质量),温度类,牵引部
2660,2024-04-25 01:21:00,2024-04-25 01:24:00,4.0,待机,IsolationForest; Mahalanobis; 单变量IQR+3σ; 残差,6399.959,152,6,牵引部位_左电机_电压_RMS,9,残差·截割部位_右滚筒_电机_电流 偏高 实际=205.0 vs 预测=85.6; 马氏·PC1→牵引部位_左电机_电压_RMS(98%); 马氏·PC3→截割部位_右滚筒_电机_电流_RMS(1%); 马氏·PC4→牵引部位_位置米数_RMS(1%); 马氏·PC1→牵引部位_左电机_电压_RMS(97%); 马氏·PC3→截割部位_右滚筒_电机_电流_RMS(2%); 马氏·PC1→牵引部位_左电机_电压_RMS(100%); 残差·牵引部位_右电机_温度 偏高 实际=74.0 vs 预测=55.0,牵引电压开关量(数据质量)/温度类,牵引电压开关量(数据质量),牵引部
2657,2024-04-25 01:07:00,2024-04-25 01:08:00,2.0,停机,IsolationForest; Mahalanobis; 单变量IQR+3σ; 残差,6296.6,76,6,牵引部位_位置米数,7,马氏·PC1→牵引部位_左电机_电压_RMS(100%); 马氏·PC1→牵引部位_左电机_电压_RMS(98%); 残差·牵引部位_位置米数 偏高 实际=234.7 vs 预测=98.9; 残差·牵引部位_右电机_温度 偏高 实际=74.0 vs 预测=50.4; 残差·牵引部位_左电机_温度 偏高 实际=73.0 vs 预测=49.4; 残差·破碎机_电机_电流 偏高 实际=19.0 vs 预测=0.0,温度类/牵引电压开关量(数据质量),温度类,牵引部
1060,2024-04-08 06:20:00,2024-04-08 06:24:00,5.0,待机,IsolationForest; Mahalanobis; 单变量IQR+3σ; 残差,6168.744,190,16,油泵_左电机_温度,13,马氏·PC1→牵引部位_左电机_电压_RMS(90%); 马氏·PC4→牵引部位_位置米数_RMS(6%); 马氏·PC3→截割部位_右滚筒_电机_电流_RMS(4%); 残差·油泵_左电机_电流 偏高 实际=36.0 vs 预测=20.4; 马氏·PC1→牵引部位_左电机_电压_RMS(94%); 残差·牵引部位_右电机_电流 偏高 实际=106.0 vs 预测=36.8; 残差·牵引部位_左电机_电流 偏高 实际=106.0 vs 预测=37.8; 马氏·PC1→牵引部位_左电机_电压_RMS(99%),电流类/温度类,电流类,牵引部
787,2024-04-07 19:47:00,2024-04-07 19:59:00,13.0,停机,IsolationForest; Mahalanobis; 单变量IQR+3σ; 残差,5811.282,442,24,油泵_左油箱_油压,6,马氏·PC2→截割部位_右滚筒_电机_电流_RMS(87%); 马氏·PC3→牵引部位_左电机_电流_RMS(12%); 马氏·PC4→截割部位_左滚筒_电机_电流_RMS(1%); 单变量·油泵_左油箱_油压 z=0.3 实际=0.5 均值=0.3; 残差·牵引部位_左电机_温度 偏高 实际=71.0 vs 预测=53.6; 马氏·PC2→截割部位_右滚筒_电机_电流_RMS(83%); 马氏·PC3→牵引部位_左电机_电流_RMS(16%); 马氏·PC2→截割部位_右滚筒_电机_电流_RMS(82%),电流类/油压类,电流类,油泵
1625,2024-05-20 23:58:00,2024-05-21 00:06:00,9.0,停机,IsolationForest; Mahalanobis; 单变量IQR+3σ; 残差,5784.886,234,46,转载机_链条速度_RMS,12,马氏·PC1→转载机_链条速度_RMS(100%); 残差·转载机_电机_电流 偏高 实际=209.0 vs 预测=80.6; 残差·转载机_电机_转矩 偏高 实际=103.0 vs 预测=27.2; 残差·转载机_变频器_IGBT1温度 偏高 实际=49.0 vs 预测=42.8; 残差·转载机_变频器_IGBT2温度 偏高 实际=51.0 vs 预测=42.8; 残差·转载机_变频器_腔体温度 偏高 实际=54.0 vs 预测=47.8; 残差·转载机_电机_电流 偏高 实际=159.0 vs 预测=109.0; 残差·转载机_电机_转矩 偏高 实际=74.0 vs 预测=43.2,变频器热信号/负载信号,变频器热信号,转载机ZZJ
878,2024-04-07 03:33:00,2024-04-07 03:34:00,2.0,停机,IsolationForest; Mahalanobis; 单变量IQR+3σ; 残差,5588.338,76,6,截割部位_右滚筒_电机_温度,8,马氏·PC1→牵引部位_左电机_电压_RMS(91%); 马氏·PC3→截割部位_右滚筒_电机_电流_RMS(6%); 马氏·PC4→牵引部位_位置米数_RMS(2%); 马氏·PC1→牵引部位_左电机_电压_RMS(92%); 马氏·PC3→截割部位_右滚筒_电机_电流_RMS(7%); 残差·截割部位_右滚筒_电机_温度 偏高 实际=72.0 vs 预测=60.4; 残差·牵引部位_位置米数 偏高 实际=306.8 vs 预测=126.9,牵引电压开关量(数据质量)/进刀位置类,牵引电压开关量(数据质量),牵引部
826,2024-04-08 01:30:00,2024-04-08 01:35:00,6.0,停机,IsolationForest; Mahalanobis; 单变量IQR+3σ; 残差,5548.725,204,12,油泵_右油箱_油压,7,马氏·PC2→截割部位_右滚筒_电机_电流_RMS(95%); 马氏·PC3→牵引部位_左电机_电流_RMS(5%); 单变量·油泵_右油箱_油压 z=0.5 实际=0.5 均值=0.3; 单变量·破碎机_电机_温度 z=-0.1 实际=76.0 均值=101.9; 单变量·破碎机_电机_温度 z=-0.1 实际=75.0 均值=101.9; 单变量·破碎机_电机_温度 z=-0.2 实际=73.0 均值=101.9; 单变量·截割部位_右滚筒_电机_电流 z=-0.7 实际=0.0 均值=107.1; 单变量·截割部位_右滚筒_电机_电流 z=0.9 实际=238.0 均值=107.1,电流类/油压类,电流类,油泵
2878,2024-04-26 19:17:00,2024-04-26 19:21:00,5.0,停机,IsolationForest; Mahalanobis; 单变量IQR+3σ; 残差,5151.73,190,11,牵引部位_位置米数,9,马氏·PC1→牵引部位_左电机_电压_RMS(86%); 马氏·PC3→截割部位_右滚筒_电机_电流_RMS(12%); 马氏·PC4→牵引部位_位置米数_RMS(2%); 残差·牵引部位_位置米数 偏高 实际=337.1 vs 预测=186.3; 马氏·PC1→牵引部位_左电机_电压_RMS(78%); 马氏·PC3→截割部位_右滚筒_电机_电流_RMS(17%); 马氏·PC4→牵引部位_位置米数_RMS(4%); 残差·牵引部位_位置米数 偏高 实际=337.1 vs 预测=25.4,进刀位置类/牵引电压开关量(数据质量),进刀位置类,牵引部
543,2024-04-05 21:01:00,2024-04-05 21:04:00,4.0,停机,IsolationForest; Mahalanobis; 单变量IQR+3σ; 残差,4973.278,136,8,破碎机_电机_温度,5,马氏·PC2→截割部位_右滚筒_电机_电流_RMS(82%); 马氏·PC3→牵引部位_左电机_电流_RMS(18%); 单变量·破碎机_电机_温度 z=-0.2 实际=72.0 均值=101.9; 马氏·PC2→截割部位_右滚筒_电机_电流_RMS(71%); 马氏·PC3→牵引部位_左电机_电流_RMS(28%); 单变量·破碎机_电机_温度 z=-0.2 实际=71.0 均值=101.9; 马氏·PC2→截割部位_右滚筒_电机_电流_RMS(69%); 马氏·PC3→牵引部位_左电机_电流_RMS(30%),破碎机温度钳位(数据质量),破碎机温度钳位(数据质量),油泵
1608,2024-04-19 22:01:00,2024-04-19 22:01:00,1.0,停机,IsolationForest; Mahalanobis; 单变量IQR+3σ; 残差,4874.77,34,8,截割部位_左滚筒_电机_温度,11,马氏·PC2→截割部位_右滚筒_电机_电流_RMS(75%); 马氏·PC3→牵引部位_左电机_电流_RMS(25%); 残差·截割部位_左滚筒_电机_温度 偏高 实际=79.0 vs 预测=57.2; 残差·油泵_右油箱_油压 偏高 实际=2.3 vs 预测=0.1; 残差·油泵_右电机_电流 偏高 实际=17.0 vs 预测=0.0; 残差·油泵_左油箱_油压 偏高 实际=2.5 vs 预测=0.2; 残差·油泵_左电机_电流 偏高 实际=17.0 vs 预测=0.0; 残差·牵引部位_右电机_温度 偏高 实际=70.0 vs 预测=50.4,电流类/温度类,电流类,油泵
1246,2024-04-13 02:24:00,2024-04-13 02:31:00,8.0,停机,IsolationForest; Mahalanobis; 单变量IQR+3σ; 残差,4781.994,272,23,油泵_右油箱_油压,6,马氏·PC2→截割部位_右滚筒_电机_电流_RMS(84%); 马氏·PC3→牵引部位_左电机_电流_RMS(15%); 单变量·油泵_右油箱_油压 z=0.3 实际=0.4 均值=0.3; 单变量·破碎机_电机_温度 z=-0.2 实际=71.0 均值=101.9; 马氏·PC2→截割部位_右滚筒_电机_电流_RMS(90%); 马氏·PC3→牵引部位_左电机_电流_RMS(10%); 单变量·破碎机_电机_温度 z=-0.2 实际=70.0 均值=101.9; 马氏·PC2→截割部位_右滚筒_电机_电流_RMS(92%),油压类/破碎机温度钳位(数据质量),油压类,油泵
1493,2024-04-12 08:34:00,2024-04-12 08:57:00,24.0,停机,IsolationForest; Mahalanobis; 单变量IQR+3σ; 残差,4679.071,912,63,破碎机_电机_温度,9,马氏·PC1→牵引部位_左电机_电压_RMS(95%); 马氏·PC4→牵引部位_位置米数_RMS(2%); 马氏·PC3→截割部位_右滚筒_电机_电流_RMS(2%); 残差·油泵_左电机_电流 偏高 实际=42.0 vs 预测=17.0; 马氏·PC3→截割部位_右滚筒_电机_电流_RMS(4%); 单变量·破碎机_电机_温度 z=-0.1 实际=83.0 均值=99.2; 单变量·破碎机_电机_温度 z=-0.1 实际=82.0 均值=99.2; 马氏·PC1→牵引部位_左电机_电压_RMS(79%),破碎机温度钳位(数据质量)/牵引电压开关量(数据质量),破碎机温度钳位(数据质量),牵引部
2194,2024-04-21 04:07:00,2024-04-21 04:08:00,2.0,停机,IsolationForest; Mahalanobis; 单变量IQR+3σ; 残差,4593.936,76,4,截割部位_右滚筒_电机_温度,7,马氏·PC1→牵引部位_左电机_电压_RMS(98%); 马氏·PC3→截割部位_右滚筒_电机_电流_RMS(2%); 马氏·PC3→截割部位_右滚筒_电机_电流_RMS(1%); 残差·截割部位_右滚筒_电机_温度 偏高 实际=75.0 vs 预测=65.4; 残差·牵引部位_位置米数 偏高 实际=197.1 vs 预测=35.1,牵引电压开关量(数据质量)/进刀位置类,牵引电压开关量(数据质量),牵引部
3072,2024-04-28 01:56:00,2024-04-28 01:57:00,2.0,待机,IsolationForest; Mahalanobis; 单变量IQR+3σ; 残差,4122.339,76,3,牵引部位_位置米数,8,马氏·PC1→牵引部位_左电机_电压_RMS(70%); 马氏·PC3→截割部位_右滚筒_电机_电流_RMS(28%); 马氏·PC4→牵引部位_位置米数_RMS(2%); 残差·牵引部位_位置米数 偏高 实际=345.0 vs 预测=90.7; 残差·牵引部位_采煤机速度 偏高 实际=7.2 vs 预测=0.2,进刀位置类/速度类,进刀位置类,牵引部
2412,2024-04-22 19:47:00,2024-04-22 19:55:00,9.0,停机,IsolationForest; Mahalanobis; 单变量IQR+3σ; 残差,3955.36,342,20,牵引部位_左电机_电压_RMS,10,马氏·PC1→牵引部位_左电机_电压_RMS(86%); 马氏·PC4→牵引部位_位置米数_RMS(11%); 马氏·PC3→截割部位_右滚筒_电机_电流_RMS(4%); 残差·截割部位_右滚筒_电机_温度 偏高 实际=65.0 vs 预测=54.4; 残差·截割部位_左滚筒_电机_温度 偏高 实际=69.0 vs 预测=58.2; 残差·牵引部位_右电机_温度 偏高 实际=68.0 vs 预测=51.8; 残差·牵引部位_左电机_温度 偏高 实际=67.0 vs 预测=50.8; 马氏·PC1→牵引部位_左电机_电压_RMS(93%),牵引电压开关量(数据质量)/温度类,牵引电压开关量(数据质量),牵引部
1863,2024-04-18 17:15:00,2024-04-18 17:16:00,2.0,停机,IsolationForest; Mahalanobis; 单变量IQR+3σ; 残差,3904.735,76,7,牵引部位_位置米数,10,马氏·PC1→牵引部位_左电机_电压_RMS(68%); 马氏·PC3→截割部位_右滚筒_电机_电流_RMS(29%); 马氏·PC4→牵引部位_位置米数_RMS(3%); 残差·牵引部位_位置米数 偏高 实际=342.9 vs 预测=126.0; 马氏·PC1→牵引部位_左电机_电压_RMS(62%); 马氏·PC3→截割部位_右滚筒_电机_电流_RMS(37%); 马氏·PC4→牵引部位_位置米数_RMS(2%); 残差·截割部位_右滚筒_电机_温度 偏高 实际=69.0 vs 预测=52.2,温度类/进刀位置类,温度类,牵引部
2090,2024-04-20 06:27:00,2024-04-20 06:28:00,2.0,停机,IsolationForest; Mahalanobis; 单变量IQR+3σ; 残差,3802.999,76,5,牵引部位_位置米数,8,马氏·PC1→牵引部位_左电机_电压_RMS(71%); 马氏·PC3→截割部位_右滚筒_电机_电流_RMS(28%); 马氏·PC4→牵引部位_位置米数_RMS(2%); 残差·油泵_右电机_电流 偏高 实际=27.0 vs 预测=3.4; 残差·牵引部位_位置米数 偏高 实际=276.3 vs 预测=106.9; 马氏·PC1→牵引部位_左电机_电压_RMS(67%); 马氏·PC3→截割部位_右滚筒_电机_电流_RMS(33%); 残差·牵引部位_位置米数 偏高 实际=271.6 vs 预测=76.5,进刀位置类/电流类,进刀位置类,牵引部
1406,2024-04-12 08:34:00,2024-04-12 08:40:00,7.0,待机,IsolationForest; Mahalanobis; 单变量IQR+3σ; 残差,3573.054,210,19,破碎机_电机_温度,8,残差·油泵_左电机_电流 偏高 实际=42.0 vs 预测=17.0; 马氏·PC2→截割部位_右滚筒_电机_电流_RMS(76%); 马氏·PC3→牵引部位_左电机_电流_RMS(23%); 单变量·牵引部位_右电机_温度 z=3.0 实际=71.0 均值=50.8; 单变量·牵引部位_左电机_温度 z=3.2 实际=71.0 均值=50.0; 单变量·破碎机_电机_温度 z=-0.2 实际=83.0 均值=134.8; 马氏·PC2→截割部位_右滚筒_电机_电流_RMS(78%); 马氏·PC3→牵引部位_左电机_电流_RMS(21%),温度类/破碎机温度钳位(数据质量),温度类,截割部
769,2024-04-07 17:06:00,2024-04-07 17:11:00,6.0,重载,IsolationForest; Mahalanobis; 单变量IQR+3σ; 残差,3534.883,204,10,油泵_右油箱_油压,11,单变量·油泵_右油箱_油压 z=-0.1 实际=2.7 均值=3.0; 残差·油泵_左油箱_油压 偏高 实际=20.2 vs 预测=2.6; 残差·油泵_左电机_电流 偏高 实际=52.0 vs 预测=17.2; 残差·截割部位_左滚筒_电机_电流 偏高 实际=283.0 vs 预测=69.6; 马氏·PC2→截割部位_右滚筒_电机_电流_RMS(68%); 马氏·PC3→牵引部位_左电机_电流_RMS(32%); 残差·截割部位_左滚筒_电机_温度 偏高 实际=70.0 vs 预测=51.4; 残差·牵引部位_右电机_温度 偏高 实际=67.0 vs 预测=48.2,油压类/温度类,油压类,油泵
801,2024-04-07 22:24:00,2024-04-07 22:26:00,3.0,停机,IsolationForest; Mahalanobis; 单变量IQR+3σ; 残差,3291.979,102,8,破碎机_电机_温度,6,马氏·PC2→截割部位_右滚筒_电机_电流_RMS(66%); 马氏·PC3→牵引部位_左电机_电流_RMS(33%); 单变量·破碎机_电机_温度 z=-0.1 实际=75.0 均值=101.9; 残差·截割部位_左滚筒_电机_温度 偏高 实际=87.0 vs 预测=59.8; 马氏·PC2→截割部位_右滚筒_电机_电流_RMS(67%); 马氏·PC3→牵引部位_左电机_电流_RMS(32%); 单变量·破碎机_电机_温度 z=-0.2 实际=73.0 均值=101.9; 残差·截割部位_左滚筒_电机_温度 偏高 实际=85.0 vs 预测=64.6,破碎机温度钳位(数据质量)/电流类,破碎机温度钳位(数据质量),油泵
2008,2024-04-23 16:17:00,2024-04-23 16:58:00,42.0,重载,IsolationForest; Mahalanobis; 单变量IQR+3σ; 残差,3285.224,1428,88,油泵_右油箱_油压,11,单变量·油泵_右油箱_油压 z=-0.1 实际=2.8 均值=3.0; 单变量·油泵_右电机_温度 z=-3.0 实际=41.0 均值=50.5; 单变量·油泵_左油箱_油压 z=1.0 实际=6.4 均值=3.3; 单变量·油泵_左电机_温度 z=-3.3 实际=41.0 均值=52.0; 单变量·油泵_左油箱_油压 z=-0.1 实际=3.0 均值=3.3; 单变量·油泵_左电机_温度 z=-3.0 实际=42.0 均值=52.0; 单变量·油泵_右电机_温度 z=-2.7 实际=42.0 均值=50.5; 单变量·油泵_右电机_温度 z=-2.4 实际=43.0 均值=50.5,油压类/温度类,油压类,油泵
723,2024-04-05 23:09:00,2024-04-05 23:13:00,5.0,停机,IsolationForest; Mahalanobis; 单变量IQR+3σ; 残差,3249.543,190,11,破碎机_电机_温度,6,马氏·PC1→牵引部位_左电机_电压_RMS(95%); 马氏·PC3→截割部位_右滚筒_电机_电流_RMS(5%); 单变量·破碎机_电机_温度 z=-0.1 实际=74.0 均值=99.2; 马氏·PC1→牵引部位_左电机_电压_RMS(93%); 马氏·PC3→截割部位_右滚筒_电机_电流_RMS(7%); 单变量·破碎机_电机_温度 z=-0.1 实际=73.0 均值=99.2; 马氏·PC1→牵引部位_左电机_电压_RMS(88%); 马氏·PC3→截割部位_右滚筒_电机_电流_RMS(11%),破碎机温度钳位(数据质量)/牵引电压开关量(数据质量),破碎机温度钳位(数据质量),牵引部
2983,2024-04-27 07:27:00,2024-04-27 07:32:00,6.0,停机,IsolationForest; Mahalanobis; 单变量IQR+3σ; 残差,2921.762,228,11,牵引部位_采煤机速度,8,马氏·PC1→牵引部位_左电机_电压_RMS(64%); 马氏·PC3→截割部位_右滚筒_电机_电流_RMS(33%); 马氏·PC4→牵引部位_位置米数_RMS(4%); 单变量·牵引部位_采煤机速度 z=-0.1 实际=0.0 均值=0.2; 马氏·PC1→牵引部位_左电机_电压_RMS(57%); 马氏·PC3→截割部位_右滚筒_电机_电流_RMS(39%); 马氏·PC1→牵引部位_左电机_电压_RMS(50%); 马氏·PC3→截割部位_右滚筒_电机_电流_RMS(46%),速度类/电流类,速度类,牵引部
1100,2024-04-11 16:38:00,2024-04-11 16:45:00,8.0,重载,IsolationForest; Mahalanobis; 单变量IQR+3σ; 残差,2767.099,272,12,油泵_右电机_温度,6,马氏·PC2→截割部位_右滚筒_电机_电流_RMS(66%); 马氏·PC3→牵引部位_左电机_电流_RMS(34%); 单变量·油泵_右油箱_油压 z=0.5 实际=0.5 均值=0.3; 马氏·PC2→截割部位_右滚筒_电机_电流_RMS(64%); 马氏·PC3→牵引部位_左电机_电流_RMS(36%); 马氏·PC2→截割部位_右滚筒_电机_电流_RMS(65%); 马氏·PC3→牵引部位_左电机_电流_RMS(35%); 单变量·油泵_右电机_温度 z=-2.4 实际=43.0 均值=50.5,温度类/油压类,温度类,油泵
737,2024-04-06 02:06:00,2024-04-06 02:06:00,1.0,停机,IsolationForest; Mahalanobis; 单变量IQR+3σ; 残差,2692.421,38,3,破碎机_电机_温度,6,马氏·PC1→牵引部位_左电机_电压_RMS(95%); 马氏·PC3→截割部位_右滚筒_电机_电流_RMS(5%); 单变量·破碎机_电机_温度 z=-0.1 实际=72.0 均值=99.2,破碎机温度钳位(数据质量),破碎机温度钳位(数据质量),牵引部
1291,2024-04-13 15:51:00,2024-04-13 16:20:00,30.0,停机,IsolationForest; Mahalanobis; 单变量IQR+3σ; 残差,2434.435,1020,128,油泵_右油箱_油压,17,残差·油泵_右油箱_油压 偏高 实际=14.1 vs 预测=2.8; 残差·油泵_右电机_电流 偏高 实际=62.0 vs 预测=20.0; 马氏·PC3→牵引部位_左电机_电流_RMS(73%); 马氏·PC2→截割部位_右滚筒_电机_电流_RMS(27%); 单变量·油泵_左油箱_油压 z=0.6 实际=0.7 均值=0.3; 单变量·油泵_右油箱_油压 z=0.3 实际=0.4 均值=0.3; 单变量·油泵_左油箱_油压 z=0.3 实际=0.5 均值=0.3; 单变量·截割部位_右滚筒_电机_温度 z=-3.1 实际=47.0 均值=66.7,温度类/油压类,温度类,油泵
753,2024-04-06 04:00:00,2024-04-06 04:00:00,1.0,停机,IsolationForest; Mahalanobis; 单变量IQR+3σ; 残差,2403.044,38,4,牵引部位_采煤机速度,8,马氏·PC1→牵引部位_左电机_电压_RMS(97%); 马氏·PC4→牵引部位_位置米数_RMS(2%); 马氏·PC3→截割部位_右滚筒_电机_电流_RMS(1%); 残差·牵引部位_采煤机速度 偏高 实际=9.1 vs 预测=0.0; 残差·破碎机_电机_电流 偏高 实际=32.0 vs 预测=5.6,电流类/速度类,电流类,牵引部
1652,2024-04-13 17:34:00,2024-04-13 17:35:00,2.0,停机,IsolationForest; Mahalanobis; 单变量IQR+3σ; 残差,2392.17,76,3,牵引部位_采煤机速度,6,残差·牵引部位_采煤机速度 偏高 实际=5.9 vs 预测=0.2; 马氏·PC1→牵引部位_左电机_电压_RMS(99%); 马氏·PC4→牵引部位_位置米数_RMS(1%),速度类,速度类,牵引部
1116,2024-04-08 20:10:00,2024-04-08 23:26:00,197.0,停机,IsolationForest; Mahalanobis; 单变量IQR+3σ; 残差,2176.748,7486,239,牵引部位_采煤机速度,13,马氏·PC1→牵引部位_左电机_电压_RMS(98%); 马氏·PC4→牵引部位_位置米数_RMS(2%); 单变量·牵引部位_采煤机速度 z=-0.2 实际=0.0 均值=0.2; 马氏·PC1→牵引部位_左电机_电压_RMS(92%); 马氏·PC3→截割部位_右滚筒_电机_电流_RMS(6%); 马氏·PC1→牵引部位_左电机_电压_RMS(91%); 马氏·PC3→截割部位_右滚筒_电机_电流_RMS(7%); 马氏·PC1→牵引部位_左电机_电压_RMS(88%),速度类,速度类,牵引部
1628,2024-04-13 07:42:00,2024-04-13 07:44:00,3.0,停机,IsolationForest; Mahalanobis; 单变量IQR+3σ; 残差,2098.371,114,9,破碎机_电机_温度,8,马氏·PC1→牵引部位_左电机_电压_RMS(89%); 马氏·PC3→截割部位_右滚筒_电机_电流_RMS(6%); 马氏·PC4→牵引部位_位置米数_RMS(4%); 单变量·破碎机_电机_温度 z=-0.1 实际=76.0 均值=99.2; 残差·牵引部位_位置米数 偏高 实际=319.4 vs 预测=52.6; 马氏·PC1→牵引部位_左电机_电压_RMS(72%); 马氏·PC3→截割部位_右滚筒_电机_电流_RMS(23%); 马氏·PC4→牵引部位_位置米数_RMS(5%),进刀位置类/破碎机温度钳位(数据质量),进刀位置类,牵引部
1138,2024-05-02 15:32:00,2024-05-02 15:38:00,7.0,停机,IsolationForest; Mahalanobis; 单变量IQR+3σ; 残差,1739.111,182,17,转载机_减速器_冷却水_流量,7,马氏·PC1→转载机_链条速度_RMS(100%); 残差·转载机_电机_转速 偏高 实际=520.0 vs 预测=81.0; 残差·转载机_链条速度 偏高 实际=806.0 vs 预测=133.2; 残差·转载机_减速器_冷却水_压力 偏高 实际=0.2 vs 预测=0.0; 残差·转载机_减速器_冷却水_流量 偏高 实际=53.0 vs 预测=0.0; 残差·转载机_减速器_冷却水_流量 偏高 实际=54.0 vs 预测=10.6; 残差·转载机_减速器_冷却水_压力 偏高 实际=0.2 vs 预测=0.1; 残差·转载机_减速器_冷却水_流量 偏高 实际=54.0 vs 预测=21.4,冷却水压力流量,冷却水压力流量,转载机ZZJ
738,2024-04-06 02:08:00,2024-04-06 02:11:00,4.0,停机,IsolationForest; Mahalanobis; 单变量IQR+3σ; 残差,1693.23,152,10,破碎机_电机_温度,6,马氏·PC1→牵引部位_左电机_电压_RMS(98%); 马氏·PC3→截割部位_右滚筒_电机_电流_RMS(2%); 单变量·破碎机_电机_温度 z=-0.1 实际=72.0 均值=99.2; 马氏·PC1→牵引部位_左电机_电压_RMS(95%); 马氏·PC3→截割部位_右滚筒_电机_电流_RMS(5%); 单变量·破碎机_电机_温度 z=-0.2 实际=70.0 均值=99.2; 马氏·PC1→牵引部位_左电机_电压_RMS(88%); 马氏·PC3→截割部位_右滚筒_电机_电流_RMS(11%),牵引电压开关量(数据质量)/破碎机温度钳位(数据质量),牵引电压开关量(数据质量),牵引部
779,2024-04-06 07:07:00,2024-04-06 07:08:00,2.0,停机,IsolationForest; Mahalanobis; 单变量IQR+3σ; 残差,1547.485,76,4,破碎机_电机_温度,6,马氏·PC1→牵引部位_左电机_电压_RMS(89%); 马氏·PC3→截割部位_右滚筒_电机_电流_RMS(11%); 单变量·破碎机_电机_温度 z=-0.2 实际=70.0 均值=99.2; 马氏·PC1→牵引部位_左电机_电压_RMS(83%); 马氏·PC3→截割部位_右滚筒_电机_电流_RMS(17%),破碎机温度钳位(数据质量),破碎机温度钳位(数据质量),牵引部
274,2024-04-02 23:34:00,2024-04-02 23:36:00,3.0,停机,IsolationForest; Mahalanobis; 单变量IQR+3σ; 残差,1524.844,114,9,牵引部位_位置米数,8,马氏·PC1→牵引部位_左电机_电压_RMS(71%); 马氏·PC3→截割部位_右滚筒_电机_电流_RMS(26%); 马氏·PC4→牵引部位_位置米数_RMS(3%); 残差·牵引部位_位置米数 偏高 实际=344.4 vs 预测=82.6; 残差·牵引部位_左电机_电流 偏高 实际=124.0 vs 预测=0.0; 马氏·PC1→牵引部位_左电机_电压_RMS(65%); 马氏·PC3→截割部位_右滚筒_电机_电流_RMS(32%); 残差·牵引部位_位置米数 偏高 实际=344.4 vs 预测=131.5,进刀位置类/电流类,进刀位置类,牵引部
1079,2024-04-11 08:17:00,2024-04-11 08:25:00,9.0,重载,IsolationForest; Mahalanobis; 单变量IQR+3σ; 残差,1438.857,306,13,油泵_左油箱_油压,7,单变量·油泵_左油箱_油压 z=1.4 实际=7.6 均值=3.3; 单变量·油泵_左油箱_油压 z=2.6 实际=11.2 均值=3.3; 单变量·油泵_左油箱_油压 z=0.1 实际=3.6 均值=3.3; 单变量·油泵_左油箱_油压 z=3.4 实际=13.9 均值=3.3; 马氏·PC2→截割部位_右滚筒_电机_电流_RMS(68%); 马氏·PC3→牵引部位_左电机_电流_RMS(31%); 马氏·PC4→截割部位_左滚筒_电机_电流_RMS(1%); 单变量·破碎机_电机_温度 z=-0.2 实际=69.0 均值=101.9,油压类/电流类,油压类,油泵
1133,2024-04-09 03:30:00,2024-04-09 03:32:00,3.0,停机,IsolationForest; Mahalanobis; 单变量IQR+3σ; 残差,1376.755,114,4,牵引部位_采煤机速度,7,马氏·PC1→牵引部位_左电机_电压_RMS(72%); 马氏·PC3→截割部位_右滚筒_电机_电流_RMS(27%); 马氏·PC4→牵引部位_位置米数_RMS(1%); 残差·牵引部位_采煤机速度 偏高 实际=1.1 vs 预测=0.0; 马氏·PC1→牵引部位_左电机_电压_RMS(68%); 马氏·PC3→截割部位_右滚筒_电机_电流_RMS(30%); 马氏·PC4→牵引部位_位置米数_RMS(2%); 马氏·PC1→牵引部位_左电机_电压_RMS(70%),牵引电压开关量(数据质量)/速度类,牵引电压开关量(数据质量),牵引部
276,2024-04-02 23:47:00,2024-04-02 23:47:00,1.0,停机,IsolationForest; Mahalanobis; 单变量IQR+3σ; 残差,1374.55,38,3,截割部位_左滚筒_电机_电流,8,马氏·PC1→牵引部位_左电机_电压_RMS(67%); 马氏·PC3→截割部位_右滚筒_电机_电流_RMS(30%); 马氏·PC4→牵引部位_位置米数_RMS(4%); 残差·截割部位_左滚筒_电机_电流 偏高 实际=174.0 vs 预测=0.0; 残差·牵引部位_采煤机速度 偏高 实际=4.8 vs 预测=0.0,电流类/速度类,电流类,牵引部
986,2024-04-07 22:18:00,2024-04-07 22:29:00,12.0,停机,IsolationForest; Mahalanobis; 单变量IQR+3σ; 残差,1318.931,456,23,破碎机_电机_温度,9,残差·截割部位_左滚筒_电机_电流 偏高 实际=228.0 vs 预测=93.4; 单变量·截割部位_左滚筒_电机_温度 z=2.2 实际=87.0 均值=72.2; 残差·截割部位_左滚筒_电机_电流 偏高 实际=252.0 vs 预测=117.2; 单变量·截割部位_左滚筒_电机_温度 z=2.3 实际=88.0 均值=72.2; 马氏·PC1→牵引部位_左电机_电压_RMS(87%); 马氏·PC3→截割部位_右滚筒_电机_电流_RMS(12%); 单变量·破碎机_电机_温度 z=-0.1 实际=80.0 均值=99.2; 马氏·PC1→牵引部位_左电机_电压_RMS(91%),牵引电压开关量(数据质量)/破碎机温度钳位(数据质量),牵引电压开关量(数据质量),牵引部
2194,2024-04-25 15:42:00,2024-04-25 15:59:00,18.0,重载,IsolationForest; Mahalanobis; 单变量IQR+3σ; 残差,1270.506,612,36,油泵_右油箱_油压,10,单变量·截割部位_右滚筒_电机_温度 z=-3.3 实际=46.0 均值=66.7; 单变量·截割部位_右滚筒_电机_电流 z=-0.7 实际=0.0 均值=107.1; 单变量·油泵_右油箱_油压 z=-0.1 实际=2.8 均值=3.0; 单变量·油泵_左电机_电流 z=0.7 实际=23.0 均值=18.2; 马氏·PC4→截割部位_左滚筒_电机_电流_RMS(52%); 马氏·PC3→牵引部位_左电机_电流_RMS(33%); 马氏·PC2→截割部位_右滚筒_电机_电流_RMS(15%); 单变量·油泵_右油箱_油压 z=-0.1 实际=2.7 均值=3.0,油压类/电流类,油压类,油泵
962,2024-04-27 10:54:00,2024-04-27 12:08:00,75.0,空载运行,IsolationForest; Mahalanobis; 单变量IQR+3σ; 残差,591.598,1950,110,转载机_电机_电流,9,马氏·PC1→转载机_链条速度_RMS(100%); 单变量·转载机_变频器_IGBT1温度 z=-4.3 实际=31.0 均值=47.1; 单变量·转载机_变频器_IGBT2温度 z=-4.3 实际=32.0 均值=46.8; 单变量·转载机_变频器_腔体温度 z=-4.3 实际=36.0 均值=52.1; 单变量·转载机_电机_转速 z=-4.5 实际=0.0 均值=1100.4; 单变量·转载机_链条速度 z=-4.5 实际=10.0 均值=1715.6; 残差·转载机_电机_电流 偏高 实际=142.0 vs 预测=62.8; 单变量·转载机_变频器_IGBT1温度 z=-3.2 实际=35.0 均值=47.1,负载信号,负载信号,转载机ZZJ
30,2024-04-01 08:35:00,2024-04-01 08:52:00,18.0,停机,IsolationForest; Mahalanobis; 单变量IQR+3σ; 残差,137.862,540,64,截割部位_左滚筒_电机_电流,8,马氏·PC4→截割部位_左滚筒_电机_电流_RMS(89%); 马氏·PC3→牵引部位_左电机_电流_RMS(10%); 单变量·截割部位_左滚筒_电机_电流 z=13.5 实际=1074.0 均值=54.4; 单变量·油泵_左电机_电流 z=5.8 实际=74.0 均值=10.7; 残差·截割部位_左滚筒_电机_电流 偏高 实际=1074.0 vs 预测=21.4; 残差·油泵_左电机_电流 偏高 实际=74.0 vs 预测=7.0; 马氏·PC4→截割部位_左滚筒_电机_电流_RMS(87%); 马氏·PC3→牵引部位_左电机_电流_RMS(12%),电流类,电流类,破碎机
2167,2024-04-25 09:21:00,2024-04-25 09:43:00,23.0,停机,IsolationForest; Mahalanobis; 单变量IQR+3σ; 残差,135.91,690,73,截割部位_左滚筒_电机_电流,10,马氏·PC2→截割部位_右滚筒_电机_电流_RMS(70%); 马氏·PC3→牵引部位_左电机_电流_RMS(29%); 残差·截割部位_右滚筒_电机_电流 偏高 实际=1041.0 vs 预测=0.0; 马氏·PC2→截割部位_右滚筒_电机_电流_RMS(90%); 马氏·PC3→牵引部位_左电机_电流_RMS(9%); 马氏·PC1→破碎机_电机_温度_RMS(1%); 马氏·PC2→截割部位_右滚筒_电机_电流_RMS(94%); 马氏·PC3→牵引部位_左电机_电流_RMS(5%),电流类,电流类,破碎机
1416,2024-04-14 12:42:00,2024-04-17 16:01:00,4520.0,空载运行,IsolationForest; Mahalanobis; 单变量IQR+3σ; 残差,87.225,135600,12336,破碎机_电机_温度,19,单变量·截割部位_右滚筒_电机_温度 z=-3.4 实际=0.0 均值=58.8; 单变量·截割部位_左滚筒_电机_温度 z=-3.4 实际=0.0 均值=62.7; 单变量·油泵_右电机_温度 z=-3.7 实际=0.0 均值=45.9; 单变量·油泵_左电机_温度 z=-3.7 实际=0.0 均值=47.1; 单变量·牵引部位_右电机_温度 z=-3.3 实际=0.0 均值=56.0; 单变量·牵引部位_左电机_温度 z=-3.3 实际=0.0 均值=55.6; 单变量·破碎机_电机_温度 z=-3.2 实际=0.0 均值=40.7; 马氏·PC1→破碎机_电机_温度_RMS(93%),破碎机温度钳位(数据质量),破碎机温度钳位(数据质量),破碎机
1115,2024-04-11 14:11:00,2024-04-11 14:26:00,16.0,停机,IsolationForest; Mahalanobis; 单变量IQR+3σ; 残差,62.772,480,138,截割部位_左滚筒_电机_温度,14,单变量·截割部位_右滚筒_电机_温度 z=-3.4 实际=0.0 均值=58.8; 单变量·截割部位_左滚筒_电机_温度 z=-3.4 实际=0.0 均值=62.7; 单变量·油泵_右电机_温度 z=-3.7 实际=0.0 均值=45.9; 单变量·油泵_左电机_温度 z=-3.7 实际=0.0 均值=47.1; 单变量·牵引部位_右电机_温度 z=-3.3 实际=0.0 均值=56.0; 单变量·牵引部位_左电机_温度 z=-3.3 实际=0.0 均值=55.6; 单变量·破碎机_电机_温度 z=-3.2 实际=0.0 均值=40.7; 残差·截割部位_右滚筒_电机_温度 偏高 实际=44.0 vs 预测=0.0,温度类,温度类,破碎机
39,2024-04-01 12:00:00,2024-04-01 13:42:00,103.0,停机,IsolationForest; Mahalanobis; 单变量IQR+3σ; 残差,59.242,3090,742,油泵_右电机_温度,11,单变量·截割部位_右滚筒_电机_温度 z=-3.4 实际=0.0 均值=58.8; 单变量·截割部位_左滚筒_电机_温度 z=-3.4 实际=0.0 均值=62.7; 单变量·油泵_右电机_温度 z=-3.7 实际=0.0 均值=45.9; 单变量·油泵_左电机_温度 z=-3.7 实际=0.0 均值=47.1; 单变量·牵引部位_右电机_温度 z=-3.3 实际=0.0 均值=56.0; 单变量·牵引部位_左电机_温度 z=-3.3 实际=0.0 均值=55.6; 单变量·破碎机_电机_温度 z=-3.2 实际=0.0 均值=40.7; 残差·截割部位_右滚筒_电机_温度 偏高 实际=42.0 vs 预测=0.0,温度类,温度类,破碎机
896,2024-04-25 09:48:00,2024-04-25 09:55:00,8.0,带载运行,IsolationForest; Mahalanobis; 单变量IQR+3σ; 残差,42.361,208,22,转载机_链条速度_RMS,6,马氏·PC1→转载机_链条速度_RMS(100%); 单变量·转载机_电机_转速 z=-2.4 实际=518.0 均值=1100.4; 单变量·转载机_电机_转速 z=-1.2 实际=819.0 均值=1100.4; 残差·转载机_电机_电流 偏高 实际=135.0 vs 预测=69.4; 残差·转载机_电机_转矩 偏高 实际=55.0 vs 预测=17.2; 残差·转载机_电机_电流 偏高 实际=153.0 vs 预测=89.8; 残差·转载机_电机_转矩 偏高 实际=63.0 vs 预测=30.2,转速信号/负载信号,转速信号,转载机ZZJ
1080,2024-04-11 05:00:00,2024-04-11 05:02:00,3.0,停机,IsolationForest; Mahalanobis; 单变量IQR+3σ; 残差,39.356,90,6,破碎机_电机_温度,2,残差·破碎机_电机_温度 偏高 实际=67.0 vs 预测=52.0; 残差·破碎机_电机_电流 偏高 实际=28.0 vs 预测=0.0; 残差·破碎机_电机_温度 偏高 实际=67.0 vs 预测=55.0; 残差·破碎机_电机_电流 偏高 实际=28.0 vs 预测=5.6,破碎机温度钳位(数据质量),破碎机温度钳位(数据质量),破碎机
184,2024-04-02 07:58:00,2024-04-02 07:58:00,1.0,待机,IsolationForest; Mahalanobis; 单变量IQR+3σ; 残差,18.03,38,8,,0,,无归因(仅多方法一致),无归因(仅多方法一致),牵引部
944,2024-04-09 10:20:00,2024-04-09 10:23:00,4.0,轻载,IsolationForest; Mahalanobis; 单变量IQR+3σ; 残差,17.489,136,20,,0,,无归因(仅多方法一致),无归因(仅多方法一致),油泵
626,2024-04-05 07:13:00,2024-04-05 07:13:00,1.0,待机,IsolationForest; Mahalanobis; 单变量IQR+3σ; 残差,16.614,38,4,,0,,无归因(仅多方法一致),无归因(仅多方法一致),牵引部
1674,2024-04-20 16:42:00,2024-04-20 16:45:00,4.0,轻载,IsolationForest; Mahalanobis; 单变量IQR+3σ; 残差,16.151,136,9,,0,,无归因(仅多方法一致),无归因(仅多方法一致),油泵
1144,2024-05-03 00:06:00,2024-05-03 00:10:00,5.0,带载运行,IsolationForest; Mahalanobis; 单变量IQR+3σ; 残差,14.893,130,8,转载机_电机_电流,5,马氏·PC1→转载机_链条速度_RMS(100%); 单变量·转载机_电机_电流 z=2.7 实际=126.0 均值=86.6; 单变量·转载机_电机_转矩 z=2.6 实际=53.0 均值=28.2; 单变量·转载机_电机_电流 z=3.2 实际=134.0 均值=86.6; 单变量·转载机_电机_转矩 z=2.9 实际=56.0 均值=28.2; 单变量·转载机_电机_电流 z=3.9 实际=143.0 均值=86.6; 单变量·转载机_电机_转矩 z=3.3 实际=60.0 均值=28.2,负载信号,负载信号,转载机ZZJ
1358,2024-04-14 02:31:00,2024-04-14 02:32:00,2.0,空载运行,IsolationForest; Mahalanobis; 单变量IQR+3σ; 残差,14.182,60,2,,0,,无归因(仅多方法一致),无归因(仅多方法一致),破碎机
175,2024-04-02 17:20:00,2024-04-02 17:20:00,1.0,停机,IsolationForest; Mahalanobis; 单变量IQR+3σ; 残差,14.06,30,1,,0,,无归因(仅多方法一致),无归因(仅多方法一致),破碎机
773,2024-04-06 21:47:00,2024-04-06 21:48:00,2.0,割煤中位,IsolationForest; Mahalanobis; 单变量IQR+3σ; 残差,13.821,60,7,,0,,无归因(仅多方法一致),无归因(仅多方法一致),截割部
596,2024-04-05 08:37:00,2024-04-05 08:37:00,1.0,待机-高位,IsolationForest; Mahalanobis; 单变量IQR+3σ; 残差,13.087,30,2,,0,,无归因(仅多方法一致),无归因(仅多方法一致),截割部
360,2024-04-04 06:24:00,2024-04-04 06:24:00,1.0,停机,IsolationForest; Mahalanobis; 单变量IQR+3σ; 残差,12.798,30,3,截割部位_右滚筒_电机_温度,3,残差·截割部位_右滚筒_电机_温度 偏高 实际=78.0 vs 预测=66.6; 残差·截割部位_左滚筒_电机_电流 偏高 实际=334.0 vs 预测=59.8; 残差·破碎机_电机_温度 偏高 实际=64.0 vs 预测=50.0,温度类/电流类,温度类,破碎机
578,2024-04-06 00:31:00,2024-04-06 00:38:00,8.0,停机,IsolationForest; Mahalanobis; 单变量IQR+3σ; 残差,10.628,240,16,破碎机_电机_温度,6,残差·油泵_左电机_电流 偏高 实际=50.0 vs 预测=17.2; 残差·油泵_左电机_电流 偏高 实际=48.0 vs 预测=23.8; 单变量·破碎机_电机_温度 z=2.1 实际=68.0 均值=40.7; 残差·截割部位_右滚筒_电机_温度 偏高 实际=68.0 vs 预测=54.4; 残差·牵引部位_右电机_温度 偏高 实际=64.0 vs 预测=50.0; 残差·牵引部位_左电机_温度 偏高 实际=64.0 vs 预测=49.2; 残差·破碎机_电机_温度 偏高 实际=68.0 vs 预测=50.0; 单变量·破碎机_电机_温度 z=2.0 实际=67.0 均值=40.7,破碎机温度钳位(数据质量)/温度类,破碎机温度钳位(数据质量),破碎机
1383,2024-05-10 11:28:00,2024-05-10 11:28:00,1.0,带载运行,IsolationForest; Mahalanobis; 单变量IQR+3σ; 残差,9.948,26,2,,0,,无归因(仅多方法一致),无归因(仅多方法一致),转载机ZZJ
1331,2024-05-08 19:40:00,2024-05-08 19:40:00,1.0,带载运行,IsolationForest; Mahalanobis; 单变量IQR+3σ; 残差,9.06,26,1,,0,,无归因(仅多方法一致),无归因(仅多方法一致),转载机ZZJ
690,2024-04-06 21:55:00,2024-04-06 21:59:00,5.0,停机,IsolationForest; Mahalanobis; 单变量IQR+3σ; 残差,6.87,150,9,破碎机_电机_温度,4,残差·牵引部位_右电机_温度 偏高 实际=63.0 vs 预测=50.4; 残差·牵引部位_左电机_温度 偏高 实际=63.0 vs 预测=49.2; 残差·破碎机_电机_温度 偏高 实际=60.0 vs 预测=45.2; 残差·破碎机_电机_温度 偏高 实际=59.0 vs 预测=48.0; 残差·截割部位_右滚筒_电机_电流 偏高 实际=310.0 vs 预测=90.0,温度类/破碎机温度钳位(数据质量),温度类,破碎机
1853,2024-04-22 05:23:00,2024-04-22 05:25:00,3.0,停机,IsolationForest; Mahalanobis; 单变量IQR+3σ; 残差,4.674,90,5,破碎机_电机_温度,4,残差·牵引部位_右电机_温度 偏高 实际=74.0 vs 预测=62.4; 残差·牵引部位_左电机_温度 偏高 实际=73.0 vs 预测=60.6; 残差·破碎机_电机_温度 偏高 实际=56.0 vs 预测=41.0; 残差·破碎机_电机_温度 偏高 实际=55.0 vs 预测=44.0; 残差·油泵_右电机_电流 偏高 实际=54.0 vs 预测=17.6,温度类/破碎机温度钳位(数据质量),温度类,破碎机
1610,2024-04-19 20:56:00,2024-04-19 21:00:00,5.0,停机,IsolationForest; Mahalanobis; 单变量IQR+3σ; 残差,4.282,150,7,破碎机_电机_温度,6,残差·牵引部位_右电机_温度 偏高 实际=59.0 vs 预测=45.0; 残差·牵引部位_左电机_温度 偏高 实际=58.0 vs 预测=43.2; 残差·破碎机_电机_温度 偏高 实际=53.0 vs 预测=38.0; 残差·破碎机_电机_温度 偏高 实际=52.0 vs 预测=41.0; 残差·截割部位_右滚筒_电机_电流 偏高 实际=174.0 vs 预测=0.0; 残差·牵引部位_左电机_电流 偏高 实际=164.0 vs 预测=25.6; 残差·破碎机_电机_电流 偏高 实际=47.0 vs 预测=22.0,电流类/温度类,电流类,破碎机
