列名,起始时间,结束时间,持续时长(分钟)
采煤机_截割部位_右滚筒_电机_温度,2024-04-01 01:37:00,2024-04-01 04:35:00,179
采煤机_截割部位_右滚筒_电机_温度,2024-04-02 10:55:00,2024-04-02 13:35:00,161
采煤机_截割部位_右滚筒_电机_温度,2024-04-02 13:50:00,2024-04-02 16:02:00,133
采煤机_截割部位_右滚筒_电机_温度,2024-04-03 10:03:00,2024-04-03 13:58:00,236
采煤机_截割部位_右滚筒_电机_温度,2024-04-04 09:08:00,2024-04-04 13:10:00,243
采煤机_截割部位_右滚筒_电机_温度,2024-04-05 10:19:00,2024-04-05 13:59:00,221
采煤机_截割部位_右滚筒_电机_温度,2024-04-07 11:26:00,2024-04-07 14:50:00,205
采煤机_截割部位_右滚筒_电机_温度,2024-04-08 13:50:00,2024-04-08 15:55:00,126
采煤机_截割部位_右滚筒_电机_温度,2024-04-08 20:12:00,2024-04-08 23:17:00,186
采煤机_截割部位_右滚筒_电机_温度,2024-04-09 18:47:00,2024-04-09 21:25:00,159
采煤机_截割部位_右滚筒_电机_温度,2024-04-09 22:37:00,2024-04-10 00:44:00,128
采煤机_截割部位_右滚筒_电机_温度,2024-04-10 04:33:00,2024-04-10 12:28:00,476
采煤机_截割部位_右滚筒_电机_温度,2024-04-11 10:56:00,2024-04-11 14:10:00,195
采煤机_截割部位_右滚筒_电机_温度,2024-04-11 17:16:00,2024-04-11 19:19:00,124
采煤机_截割部位_右滚筒_电机_温度,2024-04-12 10:45:00,2024-04-12 12:54:00,130
采煤机_截割部位_右滚筒_电机_温度,2024-04-12 12:55:00,2024-04-12 16:47:00,233
采煤机_截割部位_右滚筒_电机_温度,2024-04-13 09:25:00,2024-04-13 14:20:00,296
采煤机_截割部位_右滚筒_电机_温度,2024-04-14 10:38:00,2024-04-14 12:41:00,124
采煤机_截割部位_右滚筒_电机_温度,2024-04-15 10:02:00,2024-04-15 15:02:00,301
采煤机_截割部位_右滚筒_电机_温度,2024-04-16 09:01:00,2024-04-16 14:11:00,311
采煤机_截割部位_右滚筒_电机_温度,2024-04-16 20:09:00,2024-04-17 00:18:00,250
采煤机_截割部位_右滚筒_电机_温度,2024-04-18 09:33:00,2024-04-18 14:23:00,291
采煤机_截割部位_右滚筒_电机_温度,2024-04-20 10:26:00,2024-04-20 13:14:00,169
采煤机_截割部位_右滚筒_电机_温度,2024-04-20 13:54:00,2024-04-20 16:13:00,140
采煤机_截割部位_右滚筒_电机_温度,2024-04-20 16:15:00,2024-04-20 18:31:00,137
采煤机_截割部位_右滚筒_电机_温度,2024-04-21 10:09:00,2024-04-21 12:55:00,167
采煤机_截割部位_右滚筒_电机_温度,2024-04-23 09:18:00,2024-04-23 11:37:00,140
采煤机_截割部位_右滚筒_电机_温度,2024-04-24 10:29:00,2024-04-24 14:17:00,229
采煤机_截割部位_右滚筒_电机_温度,2024-04-25 11:10:00,2024-04-25 13:18:00,129
采煤机_截割部位_右滚筒_电机_温度,2024-04-26 10:30:00,2024-04-26 13:00:00,151
采煤机_截割部位_右滚筒_电机_温度,2024-04-26 13:14:00,2024-04-26 15:48:00,155
采煤机_截割部位_右滚筒_电机_温度,2024-04-27 10:16:00,2024-04-27 14:46:00,271
采煤机_截割部位_右滚筒_电机_电流,2024-04-01 01:01:00,2024-04-01 04:36:00,216
采煤机_截割部位_右滚筒_电机_电流,2024-04-01 09:22:00,2024-04-01 11:23:00,122
采煤机_截割部位_右滚筒_电机_电流,2024-04-01 11:40:00,2024-04-01 15:07:00,208
采煤机_截割部位_右滚筒_电机_电流,2024-04-02 10:52:00,2024-04-02 13:36:00,165
采煤机_截割部位_右滚筒_电机_电流,2024-04-02 13:38:00,2024-04-02 16:20:00,163
采煤机_截割部位_右滚筒_电机_电流,2024-04-03 09:55:00,2024-04-03 16:25:00,391
采煤机_截割部位_右滚筒_电机_电流,2024-04-04 09:06:00,2024-04-04 13:55:00,290
采煤机_截割部位_右滚筒_电机_电流,2024-04-05 10:12:00,2024-04-05 15:41:00,330
采煤机_截割部位_右滚筒_电机_电流,2024-04-06 10:03:00,2024-04-06 13:12:00,190
采煤机_截割部位_右滚筒_电机_电流,2024-04-07 09:50:00,2024-04-07 14:52:00,303
采煤机_截割部位_右滚筒_电机_电流,2024-04-08 10:10:00,2024-04-08 16:01:00,352
采煤机_截割部位_右滚筒_电机_电流,2024-04-08 20:11:00,2024-04-08 23:22:00,192
采煤机_截割部位_右滚筒_电机_电流,2024-04-09 08:38:00,2024-04-09 15:54:00,437
采煤机_截割部位_右滚筒_电机_电流,2024-04-09 18:18:00,2024-04-09 21:29:00,192
采煤机_截割部位_右滚筒_电机_电流,2024-04-09 22:22:00,2024-04-10 00:53:00,152
采煤机_截割部位_右滚筒_电机_电流,2024-04-10 04:33:00,2024-04-10 12:28:00,476
采煤机_截割部位_右滚筒_电机_电流,2024-04-10 12:29:00,2024-04-10 15:10:00,162
采煤机_截割部位_右滚筒_电机_电流,2024-04-10 17:50:00,2024-04-10 19:54:00,125
采煤机_截割部位_右滚筒_电机_电流,2024-04-11 10:09:00,2024-04-11 14:20:00,252
采煤机_截割部位_右滚筒_电机_电流,2024-04-11 17:05:00,2024-04-11 19:44:00,160
采煤机_截割部位_右滚筒_电机_电流,2024-04-12 09:09:00,2024-04-12 16:56:00,468
采煤机_截割部位_右滚筒_电机_电流,2024-04-13 08:24:00,2024-04-13 14:46:00,383
采煤机_截割部位_右滚筒_电机_电流,2024-04-14 08:36:00,2024-04-14 15:37:00,422
采煤机_截割部位_右滚筒_电机_电流,2024-04-15 08:11:00,2024-04-15 15:04:00,414
采煤机_截割部位_右滚筒_电机_电流,2024-04-16 08:55:00,2024-04-16 15:43:00,409
采煤机_截割部位_右滚筒_电机_电流,2024-04-16 19:36:00,2024-04-17 01:24:00,349
采煤机_截割部位_右滚筒_电机_电流,2024-04-17 04:15:00,2024-04-17 06:25:00,131
采煤机_截割部位_右滚筒_电机_电流,2024-04-17 09:28:00,2024-04-17 14:44:00,317
采煤机_截割部位_右滚筒_电机_电流,2024-04-18 08:58:00,2024-04-18 15:43:00,406
采煤机_截割部位_右滚筒_电机_电流,2024-04-19 08:38:00,2024-04-19 16:02:00,445
采煤机_截割部位_右滚筒_电机_电流,2024-04-20 08:27:00,2024-04-20 18:31:00,605
采煤机_截割部位_右滚筒_电机_电流,2024-04-21 10:03:00,2024-04-21 15:41:00,339
采煤机_截割部位_右滚筒_电机_电流,2024-04-22 10:20:00,2024-04-22 15:35:00,316
采煤机_截割部位_右滚筒_电机_电流,2024-04-23 09:01:00,2024-04-23 12:45:00,225
采煤机_截割部位_右滚筒_电机_电流,2024-04-23 12:49:00,2024-04-23 15:53:00,185
采煤机_截割部位_右滚筒_电机_电流,2024-04-24 06:04:00,2024-04-24 15:01:00,538
采煤机_截割部位_右滚筒_电机_电流,2024-04-25 10:12:00,2024-04-25 15:46:00,335
采煤机_截割部位_右滚筒_电机_电流,2024-04-26 06:59:00,2024-04-26 15:55:00,537
采煤机_截割部位_右滚筒_电机_电流,2024-04-27 10:07:00,2024-04-27 16:09:00,363
采煤机_截割部位_左滚筒_电机_温度,2024-04-01 01:37:00,2024-04-01 04:35:00,179
采煤机_截割部位_左滚筒_电机_温度,2024-04-02 10:54:00,2024-04-02 13:35:00,162
采煤机_截割部位_左滚筒_电机_温度,2024-04-02 13:51:00,2024-04-02 16:02:00,132
采煤机_截割部位_左滚筒_电机_温度,2024-04-03 10:03:00,2024-04-03 13:58:00,236
采煤机_截割部位_左滚筒_电机_温度,2024-04-04 09:08:00,2024-04-04 13:10:00,243
采煤机_截割部位_左滚筒_电机_温度,2024-04-05 10:19:00,2024-04-05 13:59:00,221
采煤机_截割部位_左滚筒_电机_温度,2024-04-07 11:49:00,2024-04-07 14:50:00,182
采煤机_截割部位_左滚筒_电机_温度,2024-04-08 20:13:00,2024-04-08 23:17:00,185
采煤机_截割部位_左滚筒_电机_温度,2024-04-09 10:17:00,2024-04-09 13:26:00,190
采煤机_截割部位_左滚筒_电机_温度,2024-04-09 18:47:00,2024-04-09 21:25:00,159
采煤机_截割部位_左滚筒_电机_温度,2024-04-09 22:34:00,2024-04-10 00:44:00,131
采煤机_截割部位_左滚筒_电机_温度,2024-04-10 04:33:00,2024-04-10 12:28:00,476
采煤机_截割部位_左滚筒_电机_温度,2024-04-11 11:00:00,2024-04-11 14:10:00,191
采煤机_截割部位_左滚筒_电机_温度,2024-04-11 17:17:00,2024-04-11 19:19:00,123
采煤机_截割部位_左滚筒_电机_温度,2024-04-12 10:17:00,2024-04-12 12:54:00,158
采煤机_截割部位_左滚筒_电机_温度,2024-04-12 12:55:00,2024-04-12 16:47:00,233
采煤机_截割部位_左滚筒_电机_温度,2024-04-13 09:26:00,2024-04-13 14:20:00,295
采煤机_截割部位_左滚筒_电机_温度,2024-04-14 10:03:00,2024-04-14 12:41:00,159
采煤机_截割部位_左滚筒_电机_温度,2024-04-15 10:02:00,2024-04-15 15:02:00,301
采煤机_截割部位_左滚筒_电机_温度,2024-04-16 09:02:00,2024-04-16 14:11:00,310
采煤机_截割部位_左滚筒_电机_温度,2024-04-16 20:09:00,2024-04-17 00:18:00,250
采煤机_截割部位_左滚筒_电机_温度,2024-04-18 09:33:00,2024-04-18 14:23:00,291
采煤机_截割部位_左滚筒_电机_温度,2024-04-20 10:26:00,2024-04-20 13:14:00,169
采煤机_截割部位_左滚筒_电机_温度,2024-04-20 13:54:00,2024-04-20 16:13:00,140
采煤机_截割部位_左滚筒_电机_温度,2024-04-21 10:08:00,2024-04-21 12:55:00,168
采煤机_截割部位_左滚筒_电机_温度,2024-04-23 09:19:00,2024-04-23 11:37:00,139
采煤机_截割部位_左滚筒_电机_温度,2024-04-24 10:29:00,2024-04-24 14:17:00,229
采煤机_截割部位_左滚筒_电机_温度,2024-04-25 11:10:00,2024-04-25 13:18:00,129
采煤机_截割部位_左滚筒_电机_温度,2024-04-26 10:32:00,2024-04-26 13:00:00,149
采煤机_截割部位_左滚筒_电机_温度,2024-04-26 13:13:00,2024-04-26 15:48:00,156
采煤机_截割部位_左滚筒_电机_温度,2024-04-27 10:14:00,2024-04-27 14:46:00,273
采煤机_截割部位_左滚筒_电机_电流,2024-04-01 01:01:00,2024-04-01 04:36:00,216
采煤机_截割部位_左滚筒_电机_电流,2024-04-01 09:22:00,2024-04-01 11:23:00,122
采煤机_截割部位_左滚筒_电机_电流,2024-04-02 10:52:00,2024-04-02 16:12:00,321
采煤机_截割部位_左滚筒_电机_电流,2024-04-03 09:55:00,2024-04-03 16:25:00,391
采煤机_截割部位_左滚筒_电机_电流,2024-04-04 09:06:00,2024-04-04 15:08:00,363
采煤机_截割部位_左滚筒_电机_电流,2024-04-05 10:12:00,2024-04-05 15:41:00,330
采煤机_截割部位_左滚筒_电机_电流,2024-04-06 09:57:00,2024-04-06 13:12:00,196
采煤机_截割部位_左滚筒_电机_电流,2024-04-07 09:50:00,2024-04-07 14:52:00,303
采煤机_截割部位_左滚筒_电机_电流,2024-04-08 10:10:00,2024-04-08 14:37:00,268
采煤机_截割部位_左滚筒_电机_电流,2024-04-08 20:10:00,2024-04-08 23:22:00,193
采煤机_截割部位_左滚筒_电机_电流,2024-04-09 08:37:00,2024-04-09 15:53:00,437
采煤机_截割部位_左滚筒_电机_电流,2024-04-09 18:18:00,2024-04-09 21:29:00,192
采煤机_截割部位_左滚筒_电机_电流,2024-04-09 22:22:00,2024-04-10 00:53:00,152
采煤机_截割部位_左滚筒_电机_电流,2024-04-10 04:33:00,2024-04-10 12:28:00,476
采煤机_截割部位_左滚筒_电机_电流,2024-04-10 12:29:00,2024-04-10 15:52:00,204
采煤机_截割部位_左滚筒_电机_电流,2024-04-10 17:50:00,2024-04-10 19:54:00,125
采煤机_截割部位_左滚筒_电机_电流,2024-04-11 10:09:00,2024-04-11 14:21:00,253
采煤机_截割部位_左滚筒_电机_电流,2024-04-11 17:05:00,2024-04-11 19:44:00,160
采煤机_截割部位_左滚筒_电机_电流,2024-04-12 09:09:00,2024-04-12 16:56:00,468
采煤机_截割部位_左滚筒_电机_电流,2024-04-13 08:24:00,2024-04-13 14:46:00,383
采煤机_截割部位_左滚筒_电机_电流,2024-04-14 08:36:00,2024-04-14 14:31:00,356
采煤机_截割部位_左滚筒_电机_电流,2024-04-15 08:11:00,2024-04-15 15:03:00,413
采煤机_截割部位_左滚筒_电机_电流,2024-04-16 08:55:00,2024-04-16 15:43:00,409
采煤机_截割部位_左滚筒_电机_电流,2024-04-16 19:45:00,2024-04-17 01:49:00,365
采煤机_截割部位_左滚筒_电机_电流,2024-04-17 04:15:00,2024-04-17 06:25:00,131
采煤机_截割部位_左滚筒_电机_电流,2024-04-17 09:28:00,2024-04-17 16:39:00,432
采煤机_截割部位_左滚筒_电机_电流,2024-04-18 08:58:00,2024-04-18 15:43:00,406
采煤机_截割部位_左滚筒_电机_电流,2024-04-19 08:38:00,2024-04-19 16:03:00,446
采煤机_截割部位_左滚筒_电机_电流,2024-04-20 08:27:00,2024-04-20 18:31:00,605
采煤机_截割部位_左滚筒_电机_电流,2024-04-21 10:03:00,2024-04-21 15:41:00,339
采煤机_截割部位_左滚筒_电机_电流,2024-04-22 10:20:00,2024-04-22 15:34:00,315
采煤机_截割部位_左滚筒_电机_电流,2024-04-23 09:11:00,2024-04-23 15:53:00,403
采煤机_截割部位_左滚筒_电机_电流,2024-04-24 06:04:00,2024-04-24 15:01:00,538
采煤机_截割部位_左滚筒_电机_电流,2024-04-25 10:12:00,2024-04-25 15:42:00,331
采煤机_截割部位_左滚筒_电机_电流,2024-04-26 06:59:00,2024-04-26 13:11:00,373
采煤机_截割部位_左滚筒_电机_电流,2024-04-26 13:13:00,2024-04-26 16:01:00,169
采煤机_截割部位_左滚筒_电机_电流,2024-04-27 10:07:00,2024-04-27 16:09:00,363
采煤机_油泵_右油箱_油压,2024-04-01 01:39:00,2024-04-01 04:36:00,178
采煤机_油泵_右油箱_油压,2024-04-02 10:52:00,2024-04-02 13:36:00,165
采煤机_油泵_右油箱_油压,2024-04-02 13:52:00,2024-04-02 16:04:00,133
采煤机_油泵_右油箱_油压,2024-04-03 10:01:00,2024-04-03 14:01:00,241
采煤机_油泵_右油箱_油压,2024-04-04 09:08:00,2024-04-04 13:52:00,285
采煤机_油泵_右油箱_油压,2024-04-05 10:16:00,2024-04-05 15:00:00,285
采煤机_油泵_右油箱_油压,2024-04-06 10:05:00,2024-04-06 13:12:00,188
采煤机_油泵_右油箱_油压,2024-04-07 10:38:00,2024-04-07 14:52:00,255
采煤机_油泵_右油箱_油压,2024-04-08 20:13:00,2024-04-08 23:17:00,185
采煤机_油泵_右油箱_油压,2024-04-09 10:21:00,2024-04-09 13:26:00,186
采煤机_油泵_右油箱_油压,2024-04-09 13:30:00,2024-04-09 15:35:00,126
采煤机_油泵_右油箱_油压,2024-04-09 18:15:00,2024-04-09 21:26:00,192
采煤机_油泵_右油箱_油压,2024-04-09 22:20:00,2024-04-10 00:53:00,154
采煤机_油泵_右油箱_油压,2024-04-10 04:32:00,2024-04-10 12:28:00,477
采煤机_油泵_右油箱_油压,2024-04-10 17:50:00,2024-04-10 19:50:00,121
采煤机_油泵_右油箱_油压,2024-04-11 10:15:00,2024-04-11 14:20:00,246
采煤机_油泵_右油箱_油压,2024-04-11 17:08:00,2024-04-11 19:20:00,133
采煤机_油泵_右油箱_油压,2024-04-12 09:12:00,2024-04-12 16:53:00,462
采煤机_油泵_右油箱_油压,2024-04-13 09:25:00,2024-04-13 14:37:00,313
采煤机_油泵_右油箱_油压,2024-04-14 10:37:00,2024-04-14 12:53:00,137
采煤机_油泵_右油箱_油压,2024-04-15 08:04:00,2024-04-15 15:02:00,419
采煤机_油泵_右油箱_油压,2024-04-16 09:01:00,2024-04-16 15:06:00,366
采煤机_油泵_右油箱_油压,2024-04-16 20:09:00,2024-04-17 00:19:00,251
采煤机_油泵_右油箱_油压,2024-04-17 04:15:00,2024-04-17 06:25:00,131
采煤机_油泵_右油箱_油压,2024-04-17 10:08:00,2024-04-17 13:05:00,178
采煤机_油泵_右油箱_油压,2024-04-18 09:35:00,2024-04-18 14:24:00,290
采煤机_油泵_右油箱_油压,2024-04-20 10:08:00,2024-04-20 13:16:00,189
采煤机_油泵_右油箱_油压,2024-04-20 13:54:00,2024-04-20 16:41:00,168
采煤机_油泵_右油箱_油压,2024-04-21 10:08:00,2024-04-21 13:12:00,185
采煤机_油泵_右油箱_油压,2024-04-22 10:28:00,2024-04-22 14:25:00,238
采煤机_油泵_右油箱_油压,2024-04-23 09:16:00,2024-04-23 12:46:00,211
采煤机_油泵_右油箱_油压,2024-04-24 10:30:00,2024-04-24 14:19:00,230
采煤机_油泵_右油箱_油压,2024-04-25 11:11:00,2024-04-25 13:19:00,129
采煤机_油泵_右油箱_油压,2024-04-26 10:32:00,2024-04-26 13:11:00,160
采煤机_油泵_右油箱_油压,2024-04-26 13:13:00,2024-04-26 15:48:00,156
采煤机_油泵_右油箱_油压,2024-04-27 10:15:00,2024-04-27 15:45:00,331
采煤机_油泵_右电机_温度,2024-04-01 01:39:00,2024-04-01 04:35:00,177
采煤机_油泵_右电机_温度,2024-04-02 10:55:00,2024-04-02 13:35:00,161
采煤机_油泵_右电机_温度,2024-04-02 13:52:00,2024-04-02 16:02:00,131
采煤机_油泵_右电机_温度,2024-04-03 10:03:00,2024-04-03 13:58:00,236
采煤机_油泵_右电机_温度,2024-04-04 09:08:00,2024-04-04 13:10:00,243
采煤机_油泵_右电机_温度,2024-04-05 10:19:00,2024-04-05 13:59:00,221
采煤机_油泵_右电机_温度,2024-04-07 11:26:00,2024-04-07 14:49:00,204
采煤机_油泵_右电机_温度,2024-04-08 20:12:00,2024-04-08 23:17:00,186
采煤机_油泵_右电机_温度,2024-04-09 18:51:00,2024-04-09 21:24:00,154
采煤机_油泵_右电机_温度,2024-04-09 22:32:00,2024-04-10 00:51:00,140
采煤机_油泵_右电机_温度,2024-04-10 04:29:00,2024-04-10 12:28:00,480
采煤机_油泵_右电机_温度,2024-04-11 11:04:00,2024-04-11 14:10:00,187
采煤机_油泵_右电机_温度,2024-04-11 17:16:00,2024-04-11 19:21:00,126
采煤机_油泵_右电机_温度,2024-04-12 10:26:00,2024-04-12 12:54:00,149
采煤机_油泵_右电机_温度,2024-04-12 12:55:00,2024-04-12 16:47:00,233
采煤机_油泵_右电机_温度,2024-04-13 09:25:00,2024-04-13 14:20:00,296
采煤机_油泵_右电机_温度,2024-04-14 10:37:00,2024-04-14 12:41:00,125
采煤机_油泵_右电机_温度,2024-04-15 10:02:00,2024-04-15 15:02:00,301
采煤机_油泵_右电机_温度,2024-04-16 08:57:00,2024-04-16 14:11:00,315
采煤机_油泵_右电机_温度,2024-04-16 20:06:00,2024-04-17 00:18:00,253
采煤机_油泵_右电机_温度,2024-04-18 09:35:00,2024-04-18 14:23:00,289
采煤机_油泵_右电机_温度,2024-04-20 10:26:00,2024-04-20 13:14:00,169
采煤机_油泵_右电机_温度,2024-04-20 13:54:00,2024-04-20 16:13:00,140
采煤机_油泵_右电机_温度,2024-04-21 10:07:00,2024-04-21 12:55:00,169
采煤机_油泵_右电机_温度,2024-04-23 09:16:00,2024-04-23 11:37:00,142
采煤机_油泵_右电机_温度,2024-04-24 10:31:00,2024-04-24 14:17:00,227
采煤机_油泵_右电机_温度,2024-04-25 11:10:00,2024-04-25 13:24:00,135
采煤机_油泵_右电机_温度,2024-04-26 10:31:00,2024-04-26 13:00:00,150
采煤机_油泵_右电机_温度,2024-04-26 13:11:00,2024-04-26 15:48:00,158
采煤机_油泵_右电机_温度,2024-04-27 10:14:00,2024-04-27 14:46:00,273
采煤机_油泵_右电机_电流,2024-04-01 01:39:00,2024-04-01 04:36:00,178
采煤机_油泵_右电机_电流,2024-04-01 09:22:00,2024-04-01 11:23:00,122
采煤机_油泵_右电机_电流,2024-04-02 10:52:00,2024-04-02 13:36:00,165
采煤机_油泵_右电机_电流,2024-04-02 13:52:00,2024-04-02 16:05:00,134
采煤机_油泵_右电机_电流,2024-04-03 10:01:00,2024-04-03 13:59:00,239
采煤机_油泵_右电机_电流,2024-04-04 09:08:00,2024-04-04 13:52:00,285
采煤机_油泵_右电机_电流,2024-04-05 10:15:00,2024-04-05 15:00:00,286
采煤机_油泵_右电机_电流,2024-04-06 10:05:00,2024-04-06 13:12:00,188
采煤机_油泵_右电机_电流,2024-04-07 10:38:00,2024-04-07 14:52:00,255
采煤机_油泵_右电机_电流,2024-04-08 10:15:00,2024-04-08 13:14:00,180
采煤机_油泵_右电机_电流,2024-04-08 20:13:00,2024-04-08 23:17:00,185
采煤机_油泵_右电机_电流,2024-04-09 10:21:00,2024-04-09 13:28:00,188
采煤机_油泵_右电机_电流,2024-04-09 13:30:00,2024-04-09 15:53:00,144
采煤机_油泵_右电机_电流,2024-04-09 18:15:00,2024-04-09 21:26:00,192
采煤机_油泵_右电机_电流,2024-04-09 22:20:00,2024-04-10 00:53:00,154
采煤机_油泵_右电机_电流,2024-04-10 04:33:00,2024-04-10 12:28:00,476
采煤机_油泵_右电机_电流,2024-04-10 17:50:00,2024-04-10 19:54:00,125
采煤机_油泵_右电机_电流,2024-04-11 10:09:00,2024-04-11 14:20:00,252
采煤机_油泵_右电机_电流,2024-04-11 17:04:00,2024-04-11 19:20:00,137
采煤机_油泵_右电机_电流,2024-04-12 09:12:00,2024-04-12 16:53:00,462
采煤机_油泵_右电机_电流,2024-04-13 09:25:00,2024-04-13 14:37:00,313
采煤机_油泵_右电机_电流,2024-04-14 10:37:00,2024-04-14 12:53:00,137
采煤机_油泵_右电机_电流,2024-04-15 08:11:00,2024-04-15 15:02:00,412
采煤机_油泵_右电机_电流,2024-04-16 09:01:00,2024-04-16 15:06:00,366
采煤机_油泵_右电机_电流,2024-04-16 20:09:00,2024-04-17 00:19:00,251
采煤机_油泵_右电机_电流,2024-04-17 04:15:00,2024-04-17 06:25:00,131
采煤机_油泵_右电机_电流,2024-04-17 10:08:00,2024-04-17 13:05:00,178
采煤机_油泵_右电机_电流,2024-04-18 09:35:00,2024-04-18 14:24:00,290
采煤机_油泵_右电机_电流,2024-04-20 10:08:00,2024-04-20 13:16:00,189
采煤机_油泵_右电机_电流,2024-04-20 13:53:00,2024-04-20 16:41:00,169
采煤机_油泵_右电机_电流,2024-04-21 10:07:00,2024-04-21 13:12:00,186
采煤机_油泵_右电机_电流,2024-04-22 10:28:00,2024-04-22 14:25:00,238
采煤机_油泵_右电机_电流,2024-04-23 09:16:00,2024-04-23 12:46:00,211
采煤机_油泵_右电机_电流,2024-04-24 06:11:00,2024-04-24 08:28:00,138
采煤机_油泵_右电机_电流,2024-04-24 09:13:00,2024-04-24 14:19:00,307
采煤机_油泵_右电机_电流,2024-04-25 10:17:00,2024-04-25 13:24:00,188
采煤机_油泵_右电机_电流,2024-04-26 10:32:00,2024-04-26 13:11:00,160
采煤机_油泵_右电机_电流,2024-04-26 13:13:00,2024-04-26 15:48:00,156
采煤机_油泵_右电机_电流,2024-04-27 10:14:00,2024-04-27 15:45:00,332
采煤机_油泵_左油箱_油压,2024-04-01 01:39:00,2024-04-01 04:36:00,178
采煤机_油泵_左油箱_油压,2024-04-02 10:52:00,2024-04-02 13:36:00,165
采煤机_油泵_左油箱_油压,2024-04-02 13:52:00,2024-04-02 16:04:00,133
采煤机_油泵_左油箱_油压,2024-04-03 10:01:00,2024-04-03 14:01:00,241
采煤机_油泵_左油箱_油压,2024-04-04 09:08:00,2024-04-04 13:50:00,283
采煤机_油泵_左油箱_油压,2024-04-05 10:18:00,2024-04-05 15:00:00,283
采煤机_油泵_左油箱_油压,2024-04-06 10:05:00,2024-04-06 13:12:00,188
采煤机_油泵_左油箱_油压,2024-04-07 10:38:00,2024-04-07 14:52:00,255
采煤机_油泵_左油箱_油压,2024-04-08 20:12:00,2024-04-08 23:17:00,186
采煤机_油泵_左油箱_油压,2024-04-09 10:21:00,2024-04-09 13:28:00,188
采煤机_油泵_左油箱_油压,2024-04-09 13:30:00,2024-04-09 15:35:00,126
采煤机_油泵_左油箱_油压,2024-04-09 18:15:00,2024-04-09 21:26:00,192
采煤机_油泵_左油箱_油压,2024-04-09 22:20:00,2024-04-10 00:53:00,154
采煤机_油泵_左油箱_油压,2024-04-10 04:33:00,2024-04-10 12:28:00,476
采煤机_油泵_左油箱_油压,2024-04-10 17:50:00,2024-04-10 19:54:00,125
采煤机_油泵_左油箱_油压,2024-04-11 10:15:00,2024-04-11 14:20:00,246
采煤机_油泵_左油箱_油压,2024-04-11 17:04:00,2024-04-11 19:20:00,137
采煤机_油泵_左油箱_油压,2024-04-12 09:12:00,2024-04-12 16:53:00,462
采煤机_油泵_左油箱_油压,2024-04-13 09:25:00,2024-04-13 14:37:00,313
采煤机_油泵_左油箱_油压,2024-04-14 10:37:00,2024-04-14 12:53:00,137
采煤机_油泵_左油箱_油压,2024-04-15 08:10:00,2024-04-15 15:02:00,413
采煤机_油泵_左油箱_油压,2024-04-16 09:01:00,2024-04-16 14:15:00,315
采煤机_油泵_左油箱_油压,2024-04-16 20:09:00,2024-04-17 00:19:00,251
采煤机_油泵_左油箱_油压,2024-04-17 04:17:00,2024-04-17 06:25:00,129
采煤机_油泵_左油箱_油压,2024-04-17 10:08:00,2024-04-17 13:05:00,178
采煤机_油泵_左油箱_油压,2024-04-18 09:35:00,2024-04-18 14:24:00,290
采煤机_油泵_左油箱_油压,2024-04-20 10:26:00,2024-04-20 13:16:00,171
采煤机_油泵_左油箱_油压,2024-04-20 13:54:00,2024-04-20 16:13:00,140
采煤机_油泵_左油箱_油压,2024-04-21 10:08:00,2024-04-21 13:12:00,185
采煤机_油泵_左油箱_油压,2024-04-22 10:28:00,2024-04-22 12:27:00,120
采煤机_油泵_左油箱_油压,2024-04-23 09:16:00,2024-04-23 12:46:00,211
采煤机_油泵_左油箱_油压,2024-04-24 10:30:00,2024-04-24 14:19:00,230
采煤机_油泵_左油箱_油压,2024-04-25 11:11:00,2024-04-25 13:24:00,134
采煤机_油泵_左油箱_油压,2024-04-26 10:32:00,2024-04-26 13:10:00,159
采煤机_油泵_左油箱_油压,2024-04-26 13:13:00,2024-04-26 15:48:00,156
采煤机_油泵_左油箱_油压,2024-04-27 10:15:00,2024-04-27 14:46:00,272
采煤机_油泵_左电机_温度,2024-04-01 01:34:00,2024-04-01 04:35:00,182
采煤机_油泵_左电机_温度,2024-04-02 10:55:00,2024-04-02 13:35:00,161
采煤机_油泵_左电机_温度,2024-04-02 13:52:00,2024-04-02 16:02:00,131
采煤机_油泵_左电机_温度,2024-04-03 10:03:00,2024-04-03 13:58:00,236
采煤机_油泵_左电机_温度,2024-04-04 09:09:00,2024-04-04 13:10:00,242
采煤机_油泵_左电机_温度,2024-04-05 10:19:00,2024-04-05 13:59:00,221
采煤机_油泵_左电机_温度,2024-04-07 11:26:00,2024-04-07 14:49:00,204
采煤机_油泵_左电机_温度,2024-04-08 20:10:00,2024-04-08 23:17:00,188
采煤机_油泵_左电机_温度,2024-04-09 18:51:00,2024-04-09 21:24:00,154
采煤机_油泵_左电机_温度,2024-04-09 22:35:00,2024-04-10 00:44:00,130
采煤机_油泵_左电机_温度,2024-04-10 04:25:00,2024-04-10 12:28:00,484
采煤机_油泵_左电机_温度,2024-04-11 11:03:00,2024-04-11 14:10:00,188
采煤机_油泵_左电机_温度,2024-04-11 17:18:00,2024-04-11 19:20:00,123
采煤机_油泵_左电机_温度,2024-04-12 10:34:00,2024-04-12 12:54:00,141
采煤机_油泵_左电机_温度,2024-04-12 12:55:00,2024-04-12 16:47:00,233
采煤机_油泵_左电机_温度,2024-04-13 09:25:00,2024-04-13 14:20:00,296
采煤机_油泵_左电机_温度,2024-04-14 10:38:00,2024-04-14 12:41:00,124
采煤机_油泵_左电机_温度,2024-04-15 10:02:00,2024-04-15 15:02:00,301
采煤机_油泵_左电机_温度,2024-04-16 09:02:00,2024-04-16 14:11:00,310
采煤机_油泵_左电机_温度,2024-04-16 20:06:00,2024-04-17 00:18:00,253
采煤机_油泵_左电机_温度,2024-04-18 09:34:00,2024-04-18 14:26:00,293
采煤机_油泵_左电机_温度,2024-04-20 10:25:00,2024-04-20 13:14:00,170
采煤机_油泵_左电机_温度,2024-04-20 13:54:00,2024-04-20 16:13:00,140
采煤机_油泵_左电机_温度,2024-04-21 10:09:00,2024-04-21 12:55:00,167
采煤机_油泵_左电机_温度,2024-04-23 09:17:00,2024-04-23 11:37:00,141
采煤机_油泵_左电机_温度,2024-04-24 09:51:00,2024-04-24 14:20:00,270
采煤机_油泵_左电机_温度,2024-04-25 11:12:00,2024-04-25 13:18:00,127
采煤机_油泵_左电机_温度,2024-04-26 10:32:00,2024-04-26 13:00:00,149
采煤机_油泵_左电机_温度,2024-04-26 13:12:00,2024-04-26 15:48:00,157
采煤机_油泵_左电机_温度,2024-04-27 10:11:00,2024-04-27 14:46:00,276
采煤机_油泵_左电机_电流,2024-04-01 01:39:00,2024-04-01 04:36:00,178
采煤机_油泵_左电机_电流,2024-04-01 09:22:00,2024-04-01 11:23:00,122
采煤机_油泵_左电机_电流,2024-04-02 10:52:00,2024-04-02 13:36:00,165
采煤机_油泵_左电机_电流,2024-04-02 13:52:00,2024-04-02 16:05:00,134
采煤机_油泵_左电机_电流,2024-04-03 10:01:00,2024-04-03 14:01:00,241
采煤机_油泵_左电机_电流,2024-04-04 09:08:00,2024-04-04 13:52:00,285
采煤机_油泵_左电机_电流,2024-04-05 10:15:00,2024-04-05 15:00:00,286
采煤机_油泵_左电机_电流,2024-04-06 10:05:00,2024-04-06 13:12:00,188
采煤机_油泵_左电机_电流,2024-04-07 10:38:00,2024-04-07 14:52:00,255
采煤机_油泵_左电机_电流,2024-04-08 10:15:00,2024-04-08 13:14:00,180
采煤机_油泵_左电机_电流,2024-04-08 20:13:00,2024-04-08 23:17:00,185
采煤机_油泵_左电机_电流,2024-04-09 10:21:00,2024-04-09 13:28:00,188
采煤机_油泵_左电机_电流,2024-04-09 13:30:00,2024-04-09 15:53:00,144
采煤机_油泵_左电机_电流,2024-04-09 18:15:00,2024-04-09 21:26:00,192
采煤机_油泵_左电机_电流,2024-04-09 22:20:00,2024-04-10 00:53:00,154
采煤机_油泵_左电机_电流,2024-04-10 04:33:00,2024-04-10 12:28:00,476
采煤机_油泵_左电机_电流,2024-04-10 17:50:00,2024-04-10 19:54:00,125
采煤机_油泵_左电机_电流,2024-04-11 10:09:00,2024-04-11 14:20:00,252
采煤机_油泵_左电机_电流,2024-04-11 17:04:00,2024-04-11 19:20:00,137
采煤机_油泵_左电机_电流,2024-04-12 09:12:00,2024-04-12 16:53:00,462
采煤机_油泵_左电机_电流,2024-04-13 09:25:00,2024-04-13 14:37:00,313
采煤机_油泵_左电机_电流,2024-04-14 10:37:00,2024-04-14 12:53:00,137
采煤机_油泵_左电机_电流,2024-04-15 08:09:00,2024-04-15 15:02:00,414
采煤机_油泵_左电机_电流,2024-04-16 09:01:00,2024-04-16 15:06:00,366
采煤机_油泵_左电机_电流,2024-04-16 20:09:00,2024-04-17 00:19:00,251
采煤机_油泵_左电机_电流,2024-04-17 04:15:00,2024-04-17 06:25:00,131
采煤机_油泵_左电机_电流,2024-04-17 10:08:00,2024-04-17 13:05:00,178
采煤机_油泵_左电机_电流,2024-04-18 09:35:00,2024-04-18 14:24:00,290
采煤机_油泵_左电机_电流,2024-04-20 10:08:00,2024-04-20 13:16:00,189
采煤机_油泵_左电机_电流,2024-04-20 13:53:00,2024-04-20 16:41:00,169
采煤机_油泵_左电机_电流,2024-04-21 10:07:00,2024-04-21 13:12:00,186
采煤机_油泵_左电机_电流,2024-04-22 10:28:00,2024-04-22 14:25:00,238
采煤机_油泵_左电机_电流,2024-04-23 09:16:00,2024-04-23 12:46:00,211
采煤机_油泵_左电机_电流,2024-04-24 06:11:00,2024-04-24 08:28:00,138
采煤机_油泵_左电机_电流,2024-04-24 09:13:00,2024-04-24 14:19:00,307
采煤机_油泵_左电机_电流,2024-04-25 10:17:00,2024-04-25 13:24:00,188
采煤机_油泵_左电机_电流,2024-04-26 10:32:00,2024-04-26 13:11:00,160
采煤机_油泵_左电机_电流,2024-04-26 13:13:00,2024-04-26 15:48:00,156
采煤机_油泵_左电机_电流,2024-04-27 10:14:00,2024-04-27 15:45:00,332
采煤机_牵引部位_位置米数,2024-04-01 01:01:00,2024-04-01 04:36:00,216
采煤机_牵引部位_位置米数,2024-04-02 10:52:00,2024-04-02 16:09:00,318
采煤机_牵引部位_位置米数,2024-04-03 09:55:00,2024-04-03 15:27:00,333
采煤机_牵引部位_位置米数,2024-04-04 09:06:00,2024-04-04 13:10:00,245
采煤机_牵引部位_位置米数,2024-04-05 10:15:00,2024-04-05 13:59:00,225
采煤机_牵引部位_位置米数,2024-04-06 10:02:00,2024-04-06 12:50:00,169
采煤机_牵引部位_位置米数,2024-04-06 13:14:00,2024-04-06 15:30:00,137
采煤机_牵引部位_位置米数,2024-04-07 10:38:00,2024-04-07 14:53:00,256
采煤机_牵引部位_位置米数,2024-04-08 10:12:00,2024-04-08 15:58:00,347
采煤机_牵引部位_位置米数,2024-04-08 20:10:00,2024-04-08 23:23:00,194
采煤机_牵引部位_位置米数,2024-04-09 08:37:00,2024-04-09 15:54:00,438
采煤机_牵引部位_位置米数,2024-04-09 18:15:00,2024-04-09 21:30:00,196
采煤机_牵引部位_位置米数,2024-04-09 22:23:00,2024-04-10 00:53:00,151
采煤机_牵引部位_位置米数,2024-04-10 04:33:00,2024-04-10 12:28:00,476
采煤机_牵引部位_位置米数,2024-04-10 17:50:00,2024-04-10 19:54:00,125
采煤机_牵引部位_位置米数,2024-04-11 10:10:00,2024-04-11 14:10:00,241
采煤机_牵引部位_位置米数,2024-04-11 17:04:00,2024-04-11 19:45:00,162
采煤机_牵引部位_位置米数,2024-04-12 09:09:00,2024-04-12 12:54:00,226
采煤机_牵引部位_位置米数,2024-04-12 12:55:00,2024-04-12 16:53:00,239
采煤机_牵引部位_位置米数,2024-04-13 08:25:00,2024-04-13 14:20:00,356
采煤机_牵引部位_位置米数,2024-04-14 08:36:00,2024-04-14 10:35:00,120
采煤机_牵引部位_位置米数,2024-04-14 10:36:00,2024-04-14 12:41:00,126
采煤机_牵引部位_位置米数,2024-04-14 13:38:00,2024-04-14 15:37:00,120
采煤机_牵引部位_位置米数,2024-04-15 10:02:00,2024-04-15 15:02:00,301
采煤机_牵引部位_位置米数,2024-04-16 09:01:00,2024-04-16 14:16:00,316
采煤机_牵引部位_位置米数,2024-04-16 19:36:00,2024-04-17 00:20:00,285
采煤机_牵引部位_位置米数,2024-04-17 04:15:00,2024-04-17 06:26:00,132
采煤机_牵引部位_位置米数,2024-04-17 09:28:00,2024-04-17 11:56:00,149
采煤机_牵引部位_位置米数,2024-04-18 09:34:00,2024-04-18 14:24:00,291
采煤机_牵引部位_位置米数,2024-04-20 10:08:00,2024-04-20 13:16:00,189
采煤机_牵引部位_位置米数,2024-04-20 13:52:00,2024-04-20 16:41:00,170
采煤机_牵引部位_位置米数,2024-04-21 10:05:00,2024-04-21 12:55:00,171
采煤机_牵引部位_位置米数,2024-04-21 13:13:00,2024-04-21 15:42:00,150
采煤机_牵引部位_位置米数,2024-04-22 10:21:00,2024-04-22 12:27:00,127
采煤机_牵引部位_位置米数,2024-04-23 09:15:00,2024-04-23 14:55:00,341
采煤机_牵引部位_位置米数,2024-04-24 07:23:00,2024-04-24 15:01:00,459
采煤机_牵引部位_位置米数,2024-04-25 10:12:00,2024-04-25 13:18:00,187
采煤机_牵引部位_位置米数,2024-04-26 07:08:00,2024-04-26 15:53:00,526
采煤机_牵引部位_位置米数,2024-04-27 10:12:00,2024-04-27 14:46:00,275
采煤机_牵引部位_右电机_温度,2024-04-01 01:15:00,2024-04-01 04:35:00,201
采煤机_牵引部位_右电机_温度,2024-04-02 10:55:00,2024-04-02 13:35:00,161
采煤机_牵引部位_右电机_温度,2024-04-02 13:50:00,2024-04-02 16:02:00,133
采煤机_牵引部位_右电机_温度,2024-04-03 10:02:00,2024-04-03 13:58:00,237
采煤机_牵引部位_右电机_温度,2024-04-04 09:07:00,2024-04-04 13:10:00,244
采煤机_牵引部位_右电机_温度,2024-04-05 10:20:00,2024-04-05 13:59:00,220
采煤机_牵引部位_右电机_温度,2024-04-07 11:26:00,2024-04-07 14:49:00,204
采煤机_牵引部位_右电机_温度,2024-04-08 13:38:00,2024-04-08 15:55:00,138
采煤机_牵引部位_右电机_温度,2024-04-08 20:13:00,2024-04-08 23:17:00,185
采煤机_牵引部位_右电机_温度,2024-04-09 10:17:00,2024-04-09 13:26:00,190
采煤机_牵引部位_右电机_温度,2024-04-09 18:47:00,2024-04-09 21:31:00,165
采煤机_牵引部位_右电机_温度,2024-04-09 22:36:00,2024-04-10 00:44:00,129
采煤机_牵引部位_右电机_温度,2024-04-10 04:32:00,2024-04-10 12:28:00,477
采煤机_牵引部位_右电机_温度,2024-04-11 11:01:00,2024-04-11 14:10:00,190
采煤机_牵引部位_右电机_温度,2024-04-11 17:17:00,2024-04-11 19:19:00,123
采煤机_牵引部位_右电机_温度,2024-04-12 10:29:00,2024-04-12 12:54:00,146
采煤机_牵引部位_右电机_温度,2024-04-12 12:55:00,2024-04-12 16:47:00,233
采煤机_牵引部位_右电机_温度,2024-04-13 09:14:00,2024-04-13 14:20:00,307
采煤机_牵引部位_右电机_温度,2024-04-14 10:05:00,2024-04-14 12:41:00,157
采煤机_牵引部位_右电机_温度,2024-04-15 10:02:00,2024-04-15 15:02:00,301
采煤机_牵引部位_右电机_温度,2024-04-16 09:00:00,2024-04-16 14:11:00,312
采煤机_牵引部位_右电机_温度,2024-04-16 19:57:00,2024-04-17 00:18:00,262
采煤机_牵引部位_右电机_温度,2024-04-18 09:34:00,2024-04-18 14:23:00,290
采煤机_牵引部位_右电机_温度,2024-04-20 09:57:00,2024-04-20 13:14:00,198
采煤机_牵引部位_右电机_温度,2024-04-20 13:53:00,2024-04-20 16:13:00,141
采煤机_牵引部位_右电机_温度,2024-04-21 10:09:00,2024-04-21 12:55:00,167
采煤机_牵引部位_右电机_温度,2024-04-23 09:18:00,2024-04-23 11:37:00,140
采煤机_牵引部位_右电机_温度,2024-04-24 10:29:00,2024-04-24 14:17:00,229
采煤机_牵引部位_右电机_温度,2024-04-25 11:10:00,2024-04-25 14:26:00,197
采煤机_牵引部位_右电机_温度,2024-04-26 10:30:00,2024-04-26 13:00:00,151
采煤机_牵引部位_右电机_温度,2024-04-26 13:14:00,2024-04-26 15:48:00,155
采煤机_牵引部位_右电机_温度,2024-04-27 10:14:00,2024-04-27 14:46:00,273
采煤机_牵引部位_右电机_电压,2024-04-01 01:39:00,2024-04-01 04:36:00,178
采煤机_牵引部位_右电机_电压,2024-04-02 10:56:00,2024-04-02 13:36:00,161
采煤机_牵引部位_右电机_电压,2024-04-02 13:52:00,2024-04-02 16:04:00,133
采煤机_牵引部位_右电机_电压,2024-04-03 10:04:00,2024-04-03 13:59:00,236
采煤机_牵引部位_右电机_电压,2024-04-04 09:09:00,2024-04-04 13:50:00,282
采煤机_牵引部位_右电机_电压,2024-04-05 10:20:00,2024-04-05 15:00:00,281
采煤机_牵引部位_右电机_电压,2024-04-06 10:05:00,2024-04-06 13:12:00,188
采煤机_牵引部位_右电机_电压,2024-04-07 10:38:00,2024-04-07 14:52:00,255
采煤机_牵引部位_右电机_电压,2024-04-08 20:13:00,2024-04-08 23:17:00,185
采煤机_牵引部位_右电机_电压,2024-04-09 10:21:00,2024-04-09 13:26:00,186
采煤机_牵引部位_右电机_电压,2024-04-09 18:52:00,2024-04-09 21:26:00,155
采煤机_牵引部位_右电机_电压,2024-04-09 22:25:00,2024-04-10 00:51:00,147
采煤机_牵引部位_右电机_电压,2024-04-10 04:33:00,2024-04-10 12:28:00,476
采煤机_牵引部位_右电机_电压,2024-04-11 10:18:00,2024-04-11 14:20:00,243
采煤机_牵引部位_右电机_电压,2024-04-11 17:18:00,2024-04-11 19:20:00,123
采煤机_牵引部位_右电机_电压,2024-04-12 09:14:00,2024-04-12 16:53:00,460
采煤机_牵引部位_右电机_电压,2024-04-13 09:27:00,2024-04-13 14:37:00,311
采煤机_牵引部位_右电机_电压,2024-04-14 10:38:00,2024-04-14 12:53:00,136
采煤机_牵引部位_右电机_电压,2024-04-15 08:11:00,2024-04-15 15:02:00,412
采煤机_牵引部位_右电机_电压,2024-04-16 09:02:00,2024-04-16 14:13:00,312
采煤机_牵引部位_右电机_电压,2024-04-16 20:10:00,2024-04-17 00:19:00,250
采煤机_牵引部位_右电机_电压,2024-04-17 04:20:00,2024-04-17 06:25:00,126
采煤机_牵引部位_右电机_电压,2024-04-17 10:08:00,2024-04-17 13:05:00,178
采煤机_牵引部位_右电机_电压,2024-04-18 09:35:00,2024-04-18 14:24:00,290
采煤机_牵引部位_右电机_电压,2024-04-20 10:26:00,2024-04-20 13:16:00,171
采煤机_牵引部位_右电机_电压,2024-04-20 13:55:00,2024-04-20 16:41:00,167
采煤机_牵引部位_右电机_电压,2024-04-21 10:09:00,2024-04-21 13:12:00,184
采煤机_牵引部位_右电机_电压,2024-04-22 10:32:00,2024-04-22 14:25:00,234
采煤机_牵引部位_右电机_电压,2024-04-23 09:19:00,2024-04-23 11:38:00,140
采煤机_牵引部位_右电机_电压,2024-04-24 10:31:00,2024-04-24 14:19:00,229
采煤机_牵引部位_右电机_电压,2024-04-25 11:12:00,2024-04-25 13:19:00,128
采煤机_牵引部位_右电机_电压,2024-04-26 10:32:00,2024-04-26 13:11:00,160
采煤机_牵引部位_右电机_电压,2024-04-26 13:14:00,2024-04-26 15:48:00,155
采煤机_牵引部位_右电机_电压,2024-04-27 10:16:00,2024-04-27 15:45:00,330
采煤机_牵引部位_右电机_电流,2024-04-01 01:01:00,2024-04-01 04:36:00,216
采煤机_牵引部位_右电机_电流,2024-04-01 09:22:00,2024-04-01 11:24:00,123
采煤机_牵引部位_右电机_电流,2024-04-01 11:40:00,2024-04-01 15:08:00,209
采煤机_牵引部位_右电机_电流,2024-04-02 10:51:00,2024-04-02 16:20:00,330
采煤机_牵引部位_右电机_电流,2024-04-03 09:55:00,2024-04-03 16:25:00,391
采煤机_牵引部位_右电机_电流,2024-04-04 09:06:00,2024-04-04 15:09:00,364
采煤机_牵引部位_右电机_电流,2024-04-05 10:15:00,2024-04-05 15:41:00,327
采煤机_牵引部位_右电机_电流,2024-04-06 09:57:00,2024-04-06 15:29:00,333
采煤机_牵引部位_右电机_电流,2024-04-07 10:38:00,2024-04-07 15:27:00,290
采煤机_牵引部位_右电机_电流,2024-04-08 10:13:00,2024-04-08 15:58:00,346
采煤机_牵引部位_右电机_电流,2024-04-08 20:10:00,2024-04-08 23:23:00,194
采煤机_牵引部位_右电机_电流,2024-04-09 08:31:00,2024-04-09 15:54:00,444
采煤机_牵引部位_右电机_电流,2024-04-09 18:15:00,2024-04-09 21:30:00,196
采煤机_牵引部位_右电机_电流,2024-04-09 22:20:00,2024-04-10 00:53:00,154
采煤机_牵引部位_右电机_电流,2024-04-10 04:33:00,2024-04-10 15:52:00,680
采煤机_牵引部位_右电机_电流,2024-04-10 17:50:00,2024-04-10 19:54:00,125
采煤机_牵引部位_右电机_电流,2024-04-11 10:08:00,2024-04-11 15:49:00,342
采煤机_牵引部位_右电机_电流,2024-04-11 17:04:00,2024-04-11 19:45:00,162
采煤机_牵引部位_右电机_电流,2024-04-12 09:09:00,2024-04-12 17:16:00,488
采煤机_牵引部位_右电机_电流,2024-04-13 08:24:00,2024-04-13 15:50:00,447
采煤机_牵引部位_右电机_电流,2024-04-14 08:36:00,2024-04-14 12:53:00,258
采煤机_牵引部位_右电机_电流,2024-04-14 13:38:00,2024-04-14 15:37:00,120
采煤机_牵引部位_右电机_电流,2024-04-15 08:11:00,2024-04-15 15:32:00,442
采煤机_牵引部位_右电机_电流,2024-04-16 08:59:00,2024-04-16 15:06:00,368
采煤机_牵引部位_右电机_电流,2024-04-16 19:36:00,2024-04-17 00:20:00,285
采煤机_牵引部位_右电机_电流,2024-04-17 04:15:00,2024-04-17 06:26:00,132
采煤机_牵引部位_右电机_电流,2024-04-17 09:28:00,2024-04-17 13:06:00,219
采煤机_牵引部位_右电机_电流,2024-04-17 13:54:00,2024-04-17 16:50:00,177
采煤机_牵引部位_右电机_电流,2024-04-18 09:34:00,2024-04-18 15:15:00,342
采煤机_牵引部位_右电机_电流,2024-04-20 10:07:00,2024-04-20 13:16:00,190
采煤机_牵引部位_右电机_电流,2024-04-20 13:52:00,2024-04-20 18:31:00,280
采煤机_牵引部位_右电机_电流,2024-04-21 10:03:00,2024-04-21 16:33:00,391
采煤机_牵引部位_右电机_电流,2024-04-22 10:20:00,2024-04-22 15:36:00,317
采煤机_牵引部位_右电机_电流,2024-04-23 09:14:00,2024-04-23 15:53:00,400
采煤机_牵引部位_右电机_电流,2024-04-24 06:04:00,2024-04-24 15:01:00,538
采煤机_牵引部位_右电机_电流,2024-04-25 10:12:00,2024-04-25 14:28:00,257
采煤机_牵引部位_右电机_电流,2024-04-26 06:59:00,2024-04-26 15:52:00,534
采煤机_牵引部位_右电机_电流,2024-04-27 10:12:00,2024-04-27 17:39:00,448
采煤机_牵引部位_左电机_温度,2024-04-01 01:15:00,2024-04-01 04:37:00,203
采煤机_牵引部位_左电机_温度,2024-04-02 10:55:00,2024-04-02 13:35:00,161
采煤机_牵引部位_左电机_温度,2024-04-02 13:36:00,2024-04-02 16:02:00,147
采煤机_牵引部位_左电机_温度,2024-04-03 10:03:00,2024-04-03 13:58:00,236
采煤机_牵引部位_左电机_温度,2024-04-04 09:08:00,2024-04-04 13:10:00,243
采煤机_牵引部位_左电机_温度,2024-04-05 10:19:00,2024-04-05 13:59:00,221
采煤机_牵引部位_左电机_温度,2024-04-07 11:49:00,2024-04-07 14:49:00,181
采煤机_牵引部位_左电机_温度,2024-04-08 20:13:00,2024-04-08 23:17:00,185
采煤机_牵引部位_左电机_温度,2024-04-09 18:47:00,2024-04-09 21:24:00,158
采煤机_牵引部位_左电机_温度,2024-04-09 22:36:00,2024-04-10 00:54:00,139
采煤机_牵引部位_左电机_温度,2024-04-10 04:32:00,2024-04-10 12:28:00,477
采煤机_牵引部位_左电机_温度,2024-04-11 11:03:00,2024-04-11 14:10:00,188
采煤机_牵引部位_左电机_温度,2024-04-11 17:17:00,2024-04-11 19:45:00,149
采煤机_牵引部位_左电机_温度,2024-04-12 10:44:00,2024-04-12 12:54:00,131
采煤机_牵引部位_左电机_温度,2024-04-12 12:55:00,2024-04-12 16:47:00,233
采煤机_牵引部位_左电机_温度,2024-04-13 09:16:00,2024-04-13 14:20:00,305
采煤机_牵引部位_左电机_温度,2024-04-14 10:05:00,2024-04-14 12:41:00,157
采煤机_牵引部位_左电机_温度,2024-04-15 10:02:00,2024-04-15 15:02:00,301
采煤机_牵引部位_左电机_温度,2024-04-16 09:02:00,2024-04-16 14:11:00,310
采煤机_牵引部位_左电机_温度,2024-04-16 19:56:00,2024-04-17 00:23:00,268
采煤机_牵引部位_左电机_温度,2024-04-18 09:33:00,2024-04-18 14:23:00,291
采煤机_牵引部位_左电机_温度,2024-04-20 10:02:00,2024-04-20 13:14:00,193
采煤机_牵引部位_左电机_温度,2024-04-20 13:50:00,2024-04-20 16:13:00,144
采煤机_牵引部位_左电机_温度,2024-04-21 10:09:00,2024-04-21 12:55:00,167
采煤机_牵引部位_左电机_温度,2024-04-23 09:18:00,2024-04-23 11:37:00,140
采煤机_牵引部位_左电机_温度,2024-04-24 10:29:00,2024-04-24 14:57:00,269
采煤机_牵引部位_左电机_温度,2024-04-25 11:10:00,2024-04-25 13:18:00,129
采煤机_牵引部位_左电机_温度,2024-04-26 10:30:00,2024-04-26 13:00:00,151
采煤机_牵引部位_左电机_温度,2024-04-26 13:11:00,2024-04-26 15:48:00,158
采煤机_牵引部位_左电机_温度,2024-04-27 10:15:00,2024-04-27 14:46:00,272
采煤机_牵引部位_左电机_电压,2024-04-01 01:39:00,2024-04-01 04:35:00,177
采煤机_牵引部位_左电机_电压,2024-04-02 10:56:00,2024-04-02 13:35:00,160
采煤机_牵引部位_左电机_电压,2024-04-02 13:52:00,2024-04-02 16:02:00,131
采煤机_牵引部位_左电机_电压,2024-04-03 10:04:00,2024-04-03 13:58:00,235
采煤机_牵引部位_左电机_电压,2024-04-04 09:09:00,2024-04-04 13:48:00,280
采煤机_牵引部位_左电机_电压,2024-04-05 10:20:00,2024-04-05 14:59:00,280
采煤机_牵引部位_左电机_电压,2024-04-06 10:05:00,2024-04-06 13:11:00,187
采煤机_牵引部位_左电机_电压,2024-04-07 11:50:00,2024-04-07 14:49:00,180
采煤机_牵引部位_左电机_电压,2024-04-08 20:13:00,2024-04-08 23:17:00,185
采煤机_牵引部位_左电机_电压,2024-04-09 18:52:00,2024-04-09 21:24:00,153
采煤机_牵引部位_左电机_电压,2024-04-09 22:38:00,2024-04-10 00:44:00,127
采煤机_牵引部位_左电机_电压,2024-04-10 04:33:00,2024-04-10 12:28:00,476
采煤机_牵引部位_左电机_电压,2024-04-11 11:06:00,2024-04-11 14:19:00,194
采煤机_牵引部位_左电机_电压,2024-04-11 17:18:00,2024-04-11 19:19:00,122
采煤机_牵引部位_左电机_电压,2024-04-12 10:47:00,2024-04-12 16:47:00,361
采煤机_牵引部位_左电机_电压,2024-04-13 09:27:00,2024-04-13 14:37:00,311
采煤机_牵引部位_左电机_电压,2024-04-14 10:38:00,2024-04-14 12:52:00,135
采煤机_牵引部位_左电机_电压,2024-04-15 09:30:00,2024-04-15 15:02:00,333
采煤机_牵引部位_左电机_电压,2024-04-16 09:02:00,2024-04-16 12:43:00,222
采煤机_牵引部位_左电机_电压,2024-04-16 20:10:00,2024-04-17 00:18:00,249
采煤机_牵引部位_左电机_电压,2024-04-17 10:08:00,2024-04-17 13:04:00,177
采煤机_牵引部位_左电机_电压,2024-04-18 09:35:00,2024-04-18 14:23:00,289
采煤机_牵引部位_左电机_电压,2024-04-20 10:26:00,2024-04-20 13:14:00,169
采煤机_牵引部位_左电机_电压,2024-04-20 13:55:00,2024-04-20 16:13:00,139
采煤机_牵引部位_左电机_电压,2024-04-21 10:09:00,2024-04-21 13:12:00,184
采煤机_牵引部位_左电机_电压,2024-04-22 10:34:00,2024-04-22 14:25:00,232
采煤机_牵引部位_左电机_电压,2024-04-23 09:19:00,2024-04-23 11:37:00,139
采煤机_牵引部位_左电机_电压,2024-04-24 10:31:00,2024-04-24 14:17:00,227
采煤机_牵引部位_左电机_电压,2024-04-25 11:12:00,2024-04-25 13:18:00,127
采煤机_牵引部位_左电机_电压,2024-04-26 10:32:00,2024-04-26 13:10:00,159
采煤机_牵引部位_左电机_电压,2024-04-26 13:14:00,2024-04-26 15:48:00,155
采煤机_牵引部位_左电机_电压,2024-04-27 10:16:00,2024-04-27 15:44:00,329
采煤机_牵引部位_左电机_电流,2024-04-01 01:01:00,2024-04-01 04:36:00,216
采煤机_牵引部位_左电机_电流,2024-04-01 09:22:00,2024-04-01 11:24:00,123
采煤机_牵引部位_左电机_电流,2024-04-01 11:40:00,2024-04-01 15:08:00,209
采煤机_牵引部位_左电机_电流,2024-04-02 10:51:00,2024-04-02 16:20:00,330
采煤机_牵引部位_左电机_电流,2024-04-03 09:55:00,2024-04-03 16:25:00,391
采煤机_牵引部位_左电机_电流,2024-04-04 09:06:00,2024-04-04 15:09:00,364
采煤机_牵引部位_左电机_电流,2024-04-05 10:15:00,2024-04-05 15:41:00,327
采煤机_牵引部位_左电机_电流,2024-04-06 09:57:00,2024-04-06 15:29:00,333
采煤机_牵引部位_左电机_电流,2024-04-07 10:38:00,2024-04-07 15:27:00,290
采煤机_牵引部位_左电机_电流,2024-04-08 10:13:00,2024-04-08 15:58:00,346
采煤机_牵引部位_左电机_电流,2024-04-08 20:10:00,2024-04-08 23:23:00,194
采煤机_牵引部位_左电机_电流,2024-04-09 08:31:00,2024-04-09 15:54:00,444
采煤机_牵引部位_左电机_电流,2024-04-09 18:15:00,2024-04-09 21:30:00,196
采煤机_牵引部位_左电机_电流,2024-04-09 22:20:00,2024-04-10 00:53:00,154
采煤机_牵引部位_左电机_电流,2024-04-10 04:33:00,2024-04-10 15:52:00,680
采煤机_牵引部位_左电机_电流,2024-04-10 17:50:00,2024-04-10 19:54:00,125
采煤机_牵引部位_左电机_电流,2024-04-11 10:08:00,2024-04-11 15:49:00,342
采煤机_牵引部位_左电机_电流,2024-04-11 17:04:00,2024-04-11 19:45:00,162
采煤机_牵引部位_左电机_电流,2024-04-12 09:09:00,2024-04-12 17:16:00,488
采煤机_牵引部位_左电机_电流,2024-04-13 08:24:00,2024-04-13 15:50:00,447
采煤机_牵引部位_左电机_电流,2024-04-14 08:36:00,2024-04-14 12:53:00,258
采煤机_牵引部位_左电机_电流,2024-04-14 13:38:00,2024-04-14 15:37:00,120
采煤机_牵引部位_左电机_电流,2024-04-15 08:11:00,2024-04-15 15:32:00,442
采煤机_牵引部位_左电机_电流,2024-04-16 08:59:00,2024-04-16 15:06:00,368
采煤机_牵引部位_左电机_电流,2024-04-16 19:36:00,2024-04-17 00:20:00,285
采煤机_牵引部位_左电机_电流,2024-04-17 04:15:00,2024-04-17 06:26:00,132
采煤机_牵引部位_左电机_电流,2024-04-17 09:28:00,2024-04-17 13:06:00,219
采煤机_牵引部位_左电机_电流,2024-04-17 13:54:00,2024-04-17 16:50:00,177
采煤机_牵引部位_左电机_电流,2024-04-18 09:34:00,2024-04-18 15:15:00,342
采煤机_牵引部位_左电机_电流,2024-04-20 10:07:00,2024-04-20 13:16:00,190
采煤机_牵引部位_左电机_电流,2024-04-20 13:52:00,2024-04-20 18:31:00,280
采煤机_牵引部位_左电机_电流,2024-04-21 10:03:00,2024-04-21 16:33:00,391
采煤机_牵引部位_左电机_电流,2024-04-22 10:20:00,2024-04-22 15:36:00,317
采煤机_牵引部位_左电机_电流,2024-04-23 09:14:00,2024-04-23 15:53:00,400
采煤机_牵引部位_左电机_电流,2024-04-24 06:04:00,2024-04-24 15:01:00,538
采煤机_牵引部位_左电机_电流,2024-04-25 10:12:00,2024-04-25 14:28:00,257
采煤机_牵引部位_左电机_电流,2024-04-26 06:59:00,2024-04-26 15:52:00,534
采煤机_牵引部位_左电机_电流,2024-04-27 10:12:00,2024-04-27 17:39:00,448
采煤机_牵引部位_采煤机速度,2024-04-01 01:01:00,2024-04-01 04:36:00,216
采煤机_牵引部位_采煤机速度,2024-04-01 09:22:00,2024-04-01 11:24:00,123
采煤机_牵引部位_采煤机速度,2024-04-01 11:40:00,2024-04-01 15:08:00,209
采煤机_牵引部位_采煤机速度,2024-04-02 10:52:00,2024-04-02 16:20:00,329
采煤机_牵引部位_采煤机速度,2024-04-03 09:55:00,2024-04-03 16:25:00,391
采煤机_牵引部位_采煤机速度,2024-04-04 09:06:00,2024-04-04 15:09:00,364
采煤机_牵引部位_采煤机速度,2024-04-05 10:15:00,2024-04-05 15:41:00,327
采煤机_牵引部位_采煤机速度,2024-04-06 10:02:00,2024-04-06 15:30:00,329
采煤机_牵引部位_采煤机速度,2024-04-07 10:33:00,2024-04-07 15:27:00,295
采煤机_牵引部位_采煤机速度,2024-04-08 10:13:00,2024-04-08 15:58:00,346
采煤机_牵引部位_采煤机速度,2024-04-08 20:10:00,2024-04-08 23:23:00,194
采煤机_牵引部位_采煤机速度,2024-04-09 08:31:00,2024-04-09 16:59:00,509
采煤机_牵引部位_采煤机速度,2024-04-09 18:15:00,2024-04-09 21:30:00,196
采煤机_牵引部位_采煤机速度,2024-04-09 22:20:00,2024-04-10 00:54:00,155
采煤机_牵引部位_采煤机速度,2024-04-10 04:33:00,2024-04-10 15:52:00,680
采煤机_牵引部位_采煤机速度,2024-04-10 17:50:00,2024-04-10 19:54:00,125
采煤机_牵引部位_采煤机速度,2024-04-11 10:08:00,2024-04-11 15:49:00,342
采煤机_牵引部位_采煤机速度,2024-04-11 17:04:00,2024-04-11 19:45:00,162
采煤机_牵引部位_采煤机速度,2024-04-12 09:09:00,2024-04-12 17:16:00,488
采煤机_牵引部位_采煤机速度,2024-04-13 08:24:00,2024-04-13 15:50:00,447
采煤机_牵引部位_采煤机速度,2024-04-14 08:36:00,2024-04-14 12:53:00,258
采煤机_牵引部位_采煤机速度,2024-04-14 13:38:00,2024-04-14 15:46:00,129
采煤机_牵引部位_采煤机速度,2024-04-15 08:11:00,2024-04-15 15:32:00,442
采煤机_牵引部位_采煤机速度,2024-04-16 08:59:00,2024-04-16 15:58:00,420
采煤机_牵引部位_采煤机速度,2024-04-16 19:36:00,2024-04-17 00:21:00,286
采煤机_牵引部位_采煤机速度,2024-04-17 04:15:00,2024-04-17 06:25:00,131
采煤机_牵引部位_采煤机速度,2024-04-17 09:28:00,2024-04-17 13:06:00,219
采煤机_牵引部位_采煤机速度,2024-04-17 13:46:00,2024-04-17 16:50:00,185
采煤机_牵引部位_采煤机速度,2024-04-18 09:34:00,2024-04-18 15:15:00,342
采煤机_牵引部位_采煤机速度,2024-04-20 10:07:00,2024-04-20 13:16:00,190
采煤机_牵引部位_采煤机速度,2024-04-20 13:53:00,2024-04-20 18:31:00,279
采煤机_牵引部位_采煤机速度,2024-04-21 10:03:00,2024-04-21 16:33:00,391
采煤机_牵引部位_采煤机速度,2024-04-22 10:20:00,2024-04-22 15:36:00,317
采煤机_牵引部位_采煤机速度,2024-04-23 09:14:00,2024-04-23 16:05:00,412
采煤机_牵引部位_采煤机速度,2024-04-24 06:04:00,2024-04-24 08:15:00,132
采煤机_牵引部位_采煤机速度,2024-04-24 08:17:00,2024-04-24 15:18:00,422
采煤机_牵引部位_采煤机速度,2024-04-25 10:12:00,2024-04-25 14:29:00,258
采煤机_牵引部位_采煤机速度,2024-04-26 07:05:00,2024-04-26 16:04:00,540
采煤机_牵引部位_采煤机速度,2024-04-27 10:12:00,2024-04-27 17:39:00,448
采煤机_破碎机_电机_温度,2024-04-01 01:14:00,2024-04-01 04:35:00,202
采煤机_破碎机_电机_温度,2024-04-02 10:27:00,2024-04-02 13:35:00,189
采煤机_破碎机_电机_温度,2024-04-02 13:36:00,2024-04-02 16:02:00,147
采煤机_破碎机_电机_温度,2024-04-03 10:01:00,2024-04-03 13:58:00,238
采煤机_破碎机_电机_温度,2024-04-04 09:08:00,2024-04-04 13:10:00,243
采煤机_破碎机_电机_温度,2024-04-05 10:19:00,2024-04-05 13:59:00,221
采煤机_破碎机_电机_温度,2024-04-07 09:36:00,2024-04-07 14:50:00,315
采煤机_破碎机_电机_温度,2024-04-08 20:11:00,2024-04-08 23:17:00,187
采煤机_破碎机_电机_温度,2024-04-09 10:21:00,2024-04-09 15:34:00,314
采煤机_破碎机_电机_温度,2024-04-09 18:47:00,2024-04-09 21:25:00,159
采煤机_破碎机_电机_温度,2024-04-09 22:36:00,2024-04-10 00:45:00,130
采煤机_破碎机_电机_温度,2024-04-10 04:23:00,2024-04-10 12:28:00,486
采煤机_破碎机_电机_温度,2024-04-11 10:53:00,2024-04-11 14:10:00,198
采煤机_破碎机_电机_温度,2024-04-11 17:18:00,2024-04-11 19:19:00,122
采煤机_破碎机_电机_温度,2024-04-12 10:22:00,2024-04-12 12:54:00,153
采煤机_破碎机_电机_温度,2024-04-12 12:55:00,2024-04-12 16:47:00,233
采煤机_破碎机_电机_温度,2024-04-13 08:56:00,2024-04-13 14:20:00,325
采煤机_破碎机_电机_温度,2024-04-13 20:28:00,2024-04-13 23:00:00,153
采煤机_破碎机_电机_温度,2024-04-13 23:04:00,2024-04-14 01:32:00,149
采煤机_破碎机_电机_温度,2024-04-14 01:33:00,2024-04-14 04:00:00,148
采煤机_破碎机_电机_温度,2024-04-14 04:01:00,2024-04-14 09:57:00,357
采煤机_破碎机_电机_温度,2024-04-14 09:58:00,2024-04-14 12:41:00,164
采煤机_破碎机_电机_温度,2024-04-14 12:53:00,2024-04-15 10:01:00,1269
采煤机_破碎机_电机_温度,2024-04-15 10:02:00,2024-04-15 15:02:00,301
采煤机_破碎机_电机_温度,2024-04-15 15:30:00,2024-04-17 11:56:00,2667
采煤机_破碎机_电机_温度,2024-04-17 13:05:00,2024-04-17 15:20:00,136
采煤机_破碎机_电机_温度,2024-04-18 05:36:00,2024-04-18 07:44:00,129
采煤机_破碎机_电机_温度,2024-04-18 09:33:00,2024-04-18 14:23:00,291
采煤机_破碎机_电机_温度,2024-04-20 09:35:00,2024-04-20 13:14:00,220
采煤机_破碎机_电机_温度,2024-04-20 13:50:00,2024-04-20 16:13:00,144
采煤机_破碎机_电机_温度,2024-04-20 16:14:00,2024-04-20 18:18:00,125
采煤机_破碎机_电机_温度,2024-04-21 10:09:00,2024-04-21 12:55:00,167
采煤机_破碎机_电机_温度,2024-04-22 10:05:00,2024-04-22 12:27:00,143
采煤机_破碎机_电机_温度,2024-04-23 09:13:00,2024-04-23 11:37:00,145
采煤机_破碎机_电机_温度,2024-04-24 05:59:00,2024-04-24 08:13:00,135
采煤机_破碎机_电机_温度,2024-04-24 09:49:00,2024-04-24 14:17:00,269
采煤机_破碎机_电机_温度,2024-04-25 11:10:00,2024-04-25 13:46:00,157
采煤机_破碎机_电机_温度,2024-04-26 10:30:00,2024-04-26 13:00:00,151
采煤机_破碎机_电机_温度,2024-04-26 13:01:00,2024-04-26 15:48:00,168
采煤机_破碎机_电机_温度,2024-04-27 10:14:00,2024-04-27 14:46:00,273
采煤机_破碎机_电机_电流,2024-04-01 00:53:00,2024-04-01 05:50:00,298
采煤机_破碎机_电机_电流,2024-04-01 06:40:00,2024-04-01 15:09:00,510
采煤机_破碎机_电机_电流,2024-04-02 09:25:00,2024-04-02 16:53:00,449
采煤机_破碎机_电机_电流,2024-04-02 22:52:00,2024-04-03 00:52:00,121
采煤机_破碎机_电机_电流,2024-04-03 01:58:00,2024-04-03 04:07:00,130
采煤机_破碎机_电机_电流,2024-04-03 09:55:00,2024-04-03 16:50:00,416
采煤机_破碎机_电机_电流,2024-04-03 18:39:00,2024-04-03 20:58:00,140
采煤机_破碎机_电机_电流,2024-04-04 08:58:00,2024-04-04 15:09:00,372
采煤机_破碎机_电机_电流,2024-04-05 06:46:00,2024-04-05 09:11:00,146
采煤机_破碎机_电机_电流,2024-04-05 10:06:00,2024-04-05 15:41:00,336
采煤机_破碎机_电机_电流,2024-04-06 09:57:00,2024-04-06 15:32:00,336
采煤机_破碎机_电机_电流,2024-04-07 07:33:00,2024-04-07 15:40:00,488
采煤机_破碎机_电机_电流,2024-04-08 02:28:00,2024-04-08 09:13:00,406
采煤机_破碎机_电机_电流,2024-04-08 09:44:00,2024-04-08 16:21:00,398
采煤机_破碎机_电机_电流,2024-04-08 20:01:00,2024-04-08 23:27:00,207
采煤机_破碎机_电机_电流,2024-04-09 01:22:00,2024-04-09 03:32:00,131
采煤机_破碎机_电机_电流,2024-04-09 04:45:00,2024-04-09 07:52:00,188
采煤机_破碎机_电机_电流,2024-04-09 07:54:00,2024-04-09 15:54:00,481
采煤机_破碎机_电机_电流,2024-04-09 18:08:00,2024-04-09 21:30:00,203
采煤机_破碎机_电机_电流,2024-04-09 22:18:00,2024-04-10 15:54:00,1057
采煤机_破碎机_电机_电流,2024-04-10 17:03:00,2024-04-10 20:42:00,220
采煤机_破碎机_电机_电流,2024-04-11 09:47:00,2024-04-11 16:16:00,390
采煤机_破碎机_电机_电流,2024-04-11 17:01:00,2024-04-11 20:21:00,201
采煤机_破碎机_电机_电流,2024-04-11 20:24:00,2024-04-12 00:19:00,236
采煤机_破碎机_电机_电流,2024-04-12 09:08:00,2024-04-12 16:56:00,469
采煤机_破碎机_电机_电流,2024-04-13 07:42:00,2024-04-13 14:47:00,426
采煤机_破碎机_电机_电流,2024-04-13 14:49:00,2024-04-13 17:02:00,134
采煤机_破碎机_电机_电流,2024-04-13 17:11:00,2024-04-17 16:41:00,5731
采煤机_破碎机_电机_电流,2024-04-17 19:12:00,2024-04-17 23:53:00,282
采煤机_破碎机_电机_电流,2024-04-18 02:32:00,2024-04-19 00:30:00,1319
采煤机_破碎机_电机_电流,2024-04-19 00:51:00,2024-04-19 03:01:00,131
采煤机_破碎机_电机_电流,2024-04-19 03:10:00,2024-04-19 05:12:00,123
采煤机_破碎机_电机_电流,2024-04-19 08:23:00,2024-04-19 17:08:00,526
采煤机_破碎机_电机_电流,2024-04-20 08:15:00,2024-04-20 20:10:00,716
采煤机_破碎机_电机_电流,2024-04-21 10:03:00,2024-04-21 18:01:00,479
采煤机_破碎机_电机_电流,2024-04-22 09:18:00,2024-04-22 16:21:00,424
采煤机_破碎机_电机_电流,2024-04-23 09:01:00,2024-04-23 16:50:00,470
采煤机_破碎机_电机_电流,2024-04-23 18:12:00,2024-04-23 22:15:00,244
采煤机_破碎机_电机_电流,2024-04-24 05:23:00,2024-04-24 15:01:00,579
采煤机_破碎机_电机_电流,2024-04-25 10:12:00,2024-04-25 16:15:00,364
采煤机_破碎机_电机_电流,2024-04-25 17:02:00,2024-04-25 19:15:00,134
采煤机_破碎机_电机_电流,2024-04-26 06:23:00,2024-04-26 16:54:00,632
采煤机_破碎机_电机_电流,2024-04-27 09:51:00,2024-04-27 17:46:00,476
采煤机_破碎机_电机_电流,2024-04-27 19:45:00,2024-04-27 21:55:00,131
采煤机_采煤机倾角_俯仰角,2024-04-01 01:00:00,2024-04-01 04:37:00,218
采煤机_采煤机倾角_俯仰角,2024-04-02 10:51:00,2024-04-02 16:20:00,330
采煤机_采煤机倾角_俯仰角,2024-04-03 09:55:00,2024-04-03 15:20:00,326
采煤机_采煤机倾角_俯仰角,2024-04-04 09:06:00,2024-04-04 13:10:00,245
采煤机_采煤机倾角_俯仰角,2024-04-05 10:12:00,2024-04-05 13:59:00,228
采煤机_采煤机倾角_俯仰角,2024-04-06 13:12:00,2024-04-06 15:32:00,141
采煤机_采煤机倾角_俯仰角,2024-04-07 11:27:00,2024-04-07 14:49:00,203
采煤机_采煤机倾角_俯仰角,2024-04-08 11:48:00,2024-04-08 15:59:00,252
采煤机_采煤机倾角_俯仰角,2024-04-08 20:10:00,2024-04-08 23:23:00,194
采煤机_采煤机倾角_俯仰角,2024-04-09 08:37:00,2024-04-09 15:54:00,438
采煤机_采煤机倾角_俯仰角,2024-04-09 18:15:00,2024-04-09 21:24:00,190
采煤机_采煤机倾角_俯仰角,2024-04-09 22:20:00,2024-04-10 00:44:00,145
采煤机_采煤机倾角_俯仰角,2024-04-10 04:33:00,2024-04-10 12:28:00,476
采煤机_采煤机倾角_俯仰角,2024-04-11 10:41:00,2024-04-11 14:10:00,210
采煤机_采煤机倾角_俯仰角,2024-04-11 17:07:00,2024-04-11 19:45:00,159
采煤机_采煤机倾角_俯仰角,2024-04-12 09:58:00,2024-04-12 12:54:00,177
采煤机_采煤机倾角_俯仰角,2024-04-12 12:55:00,2024-04-12 16:47:00,233
采煤机_采煤机倾角_俯仰角,2024-04-13 08:24:00,2024-04-13 14:20:00,357
采煤机_采煤机倾角_俯仰角,2024-04-14 10:11:00,2024-04-14 12:41:00,151
采煤机_采煤机倾角_俯仰角,2024-04-15 10:02:00,2024-04-15 15:02:00,301
采煤机_采煤机倾角_俯仰角,2024-04-16 09:01:00,2024-04-16 15:59:00,419
采煤机_采煤机倾角_俯仰角,2024-04-16 20:02:00,2024-04-17 00:20:00,259
采煤机_采煤机倾角_俯仰角,2024-04-17 04:15:00,2024-04-17 06:26:00,132
采煤机_采煤机倾角_俯仰角,2024-04-17 09:28:00,2024-04-17 11:56:00,149
采煤机_采煤机倾角_俯仰角,2024-04-18 09:33:00,2024-04-18 15:15:00,343
采煤机_采煤机倾角_俯仰角,2024-04-20 10:07:00,2024-04-20 13:14:00,188
采煤机_采煤机倾角_俯仰角,2024-04-20 13:51:00,2024-04-20 18:31:00,281
采煤机_采煤机倾角_俯仰角,2024-04-21 10:05:00,2024-04-21 12:55:00,171
采煤机_采煤机倾角_俯仰角,2024-04-21 13:13:00,2024-04-21 15:35:00,143
采煤机_采煤机倾角_俯仰角,2024-04-22 10:21:00,2024-04-22 12:27:00,127
采煤机_采煤机倾角_俯仰角,2024-04-23 09:15:00,2024-04-23 14:16:00,302
采煤机_采煤机倾角_俯仰角,2024-04-24 08:14:00,2024-04-24 10:28:00,135
采煤机_采煤机倾角_俯仰角,2024-04-24 10:30:00,2024-04-24 14:57:00,268
采煤机_采煤机倾角_俯仰角,2024-04-25 10:12:00,2024-04-25 13:32:00,201
采煤机_采煤机倾角_俯仰角,2024-04-26 08:43:00,2024-04-26 15:54:00,432
采煤机_采煤机倾角_俯仰角,2024-04-27 09:58:00,2024-04-27 14:46:00,289
