工况,参数,样本数,均值,标准差,中位数,IQR,p5,p95,最小值,最大值
待机,采煤机_牵引部位_采煤机速度,17017,0.006455309396485868,0.1903017624303208,0.0,0.0,0.0,0.0,0.0,7.35
待机,采煤机_截割部位_右滚筒_电机_电流,16980,0.26849234393404003,16.346103773170263,0.0,0.0,0.0,0.0,0.0,1093.0
待机,采煤机_截割部位_左滚筒_电机_电流,17023,0.6362568289960642,24.40421815927578,0.0,0.0,0.0,0.0,0.0,1087.0
待机,采煤机_截割部位_右滚筒_电机_温度,17032,52.32380225457961,15.525999858065463,53.0,15.0,0.0,69.0,0.0,87.0
待机,采煤机_截割部位_左滚筒_电机_温度,17031,54.681345781222475,16.23493129523263,55.0,15.0,0.0,72.0,0.0,89.0
待机,采煤机_牵引部位_右电机_电流,16979,2.8303198068201896,17.048439270081047,0.0,0.0,0.0,0.0,0.0,239.0
待机,采煤机_牵引部位_左电机_电流,16979,2.820660816302491,17.039843263593305,0.0,0.0,0.0,0.0,0.0,182.0
待机,采煤机_牵引部位_右电机_温度,17031,48.30051083318654,14.150233594251084,50.0,10.0,0.0,66.0,0.0,79.0
待机,采煤机_牵引部位_左电机_温度,17032,47.67619774542039,13.935028461910816,49.5,9.0,0.0,66.0,0.0,79.0
待机,采煤机_牵引部位_右电机_电压,17023,96.12994184338835,250.00438703413226,0.0,0.0,0.0,840.0,0.0,1050.0
待机,采煤机_牵引部位_左电机_电压,17032,101.01749647721935,252.1052349367352,0.0,10.0,0.0,850.0,0.0,1050.0
待机,采煤机_牵引部位_位置米数,17017,178.30241581947465,113.25082750700358,193.94,226.57000000000002,0.0,317.67,0.0,351.16
待机,采煤机_破碎机_电机_电流,16980,0.009540636042402828,0.5074506374109533,0.0,0.0,0.0,0.0,0.0,27.0
待机,采煤机_破碎机_电机_温度,16980,105.12720848056537,188.03812535218697,41.0,12.0,0.0,644.0,0.0,645.0
待机,采煤机_油泵_右电机_电流,17023,0.8897374140868237,5.238605833456071,0.0,0.0,0.0,0.0,0.0,211.0
待机,采煤机_油泵_左电机_电流,17023,0.8500851788756388,5.322051572681668,0.0,0.0,0.0,0.0,0.0,225.0
待机,采煤机_油泵_右电机_温度,17032,43.57339126350399,11.937253414293753,46.0,7.0,0.0,53.0,0.0,75.0
待机,采煤机_油泵_左电机_温度,17032,44.378816345702205,12.192858496560191,46.0,7.0,0.0,54.0,0.0,72.0
待机,采煤机_油泵_右油箱_油压,17023,0.3464430476414263,0.9802407289311076,0.1,0.19999999999999998,0.1,2.2,0.0,26.0
待机,采煤机_油泵_左油箱_油压,17023,0.4038829818480879,0.911077639172878,0.2,0.2,0.1,2.3,0.0,25.9
待机,采煤机_采煤机倾角_俯仰角,17032,0.6449976514795678,0.9737631952612507,0.7,1.2,-1.0,2.2,-2.7,4.0
正常运行,采煤机_牵引部位_采煤机速度,4170,0.03980095923261392,0.09307913499158935,0.0,0.02,0.0,0.27,0.0,0.5
正常运行,采煤机_截割部位_右滚筒_电机_电流,4169,189.66610698009114,329.97261318898154,64.0,10.0,57.0,1066.0,0.0,1132.0
正常运行,采煤机_截割部位_左滚筒_电机_电流,4170,79.84772182254197,111.73060301763884,62.0,9.0,47.0,119.0,0.0,1091.0
正常运行,采煤机_截割部位_右滚筒_电机_温度,4170,65.5841726618705,6.097154177459601,66.0,7.0,54.0,74.0,40.0,88.0
正常运行,采煤机_截割部位_左滚筒_电机_温度,4170,72.18968824940048,7.254948804575275,74.0,8.0,59.0,82.0,43.0,105.0
正常运行,采煤机_牵引部位_右电机_电流,4167,47.89368850491961,48.04375631401216,39.0,84.0,0.0,128.0,0.0,239.0
正常运行,采煤机_牵引部位_左电机_电流,4167,49.514998800095995,49.23870833994409,44.0,84.0,0.0,133.0,0.0,239.0
正常运行,采煤机_牵引部位_右电机_温度,4170,64.66091127098322,7.427677331204666,67.0,8.0,49.0,74.0,35.0,81.0
正常运行,采煤机_牵引部位_左电机_温度,4170,64.42014388489208,7.54459019604773,66.0,9.0,49.0,74.0,34.0,80.0
正常运行,采煤机_牵引部位_右电机_电压,4170,887.4796163069544,72.6943121142339,900.0,50.0,840.0,960.0,0.0,1030.0
正常运行,采煤机_牵引部位_左电机_电压,4170,891.2254196642685,71.30210342872819,900.0,50.0,840.0,960.0,10.0,1030.0
正常运行,采煤机_牵引部位_位置米数,4170,158.00824460431656,95.35284064830141,163.83499999999998,144.70749999999998,16.6145,333.7555,12.36,351.19
正常运行,采煤机_破碎机_电机_电流,4169,7.251379227632526,16.18397285431949,0.0,19.0,0.0,30.0,0.0,317.0
正常运行,采煤机_破碎机_电机_温度,4169,104.34516670664428,176.283688035996,46.0,23.0,35.0,644.0,29.0,645.0
正常运行,采煤机_油泵_右电机_电流,4170,17.333093525179855,5.291419530327311,17.0,1.0,13.0,21.0,0.0,74.0
正常运行,采煤机_油泵_左电机_电流,4170,18.217745803357314,8.364597757096389,17.0,1.0,13.0,29.549999999999727,0.0,74.0
正常运行,采煤机_油泵_右电机_温度,4170,50.41606714628298,3.1362016885816826,51.0,3.0,44.0,55.0,34.0,66.0
正常运行,采煤机_油泵_左电机_温度,4170,51.69184652278177,3.366253130635646,52.0,4.0,45.45000000000002,56.0,34.0,65.0
正常运行,采煤机_油泵_右油箱_油压,4170,2.750431654676259,2.1800987933866756,2.3,0.10000000000000009,2.2,5.7,0.1,25.0
正常运行,采煤机_油泵_左油箱_油压,4170,3.3696642685851317,3.299737382544137,2.4,0.10000000000000009,2.3,8.5,0.1,26.3
正常运行,采煤机_采煤机倾角_俯仰角,4170,0.42470023980815347,0.9908061629753171,0.3,1.1,-1.1,2.2,-3.3,4.8
割煤中,采煤机_牵引部位_采煤机速度,17885,7.116772155437517,2.7071561133004307,7.9,4.36,1.68,10.0,0.51,16.68
割煤中,采煤机_截割部位_右滚筒_电机_电流,17885,92.96606094492591,38.48895611399402,80.0,35.0,62.0,174.0,0.0,697.0
割煤中,采煤机_截割部位_左滚筒_电机_电流,17885,96.9728263908303,42.299039785400524,82.0,45.0,59.0,189.0,0.0,410.0
割煤中,采煤机_截割部位_右滚筒_电机_温度,17885,66.3259714844842,10.388364672154584,68.0,7.0,55.0,76.0,0.0,92.0
割煤中,采煤机_截割部位_左滚筒_电机_温度,17885,71.06642437797036,11.39064913751867,73.0,8.0,59.0,82.0,0.0,104.0
割煤中,采煤机_牵引部位_右电机_电流,17885,124.62980150964495,31.525278997461488,124.0,44.0,75.0,177.0,0.0,248.0
割煤中,采煤机_牵引部位_左电机_电流,17885,124.91277606933184,32.28905298590783,124.0,44.0,75.0,182.0,0.0,239.0
割煤中,采煤机_牵引部位_右电机_温度,17885,64.1453173050042,10.711306357643602,66.0,8.0,50.0,74.0,0.0,83.0
割煤中,采煤机_牵引部位_左电机_温度,17885,63.71551579535924,10.636990711341568,66.0,8.0,50.0,73.0,0.0,82.0
割煤中,采煤机_牵引部位_右电机_电压,17885,856.291864691082,28.18969694855875,860.0,30.0,810.0,890.0,580.0,1020.0
割煤中,采煤机_牵引部位_左电机_电压,17885,845.6181157394465,123.50176576275923,860.0,30.0,820.0,900.0,0.0,1030.0
割煤中,采煤机_牵引部位_位置米数,17885,179.8078535085267,110.59889153515984,179.24,203.82999999999998,17.382,343.94599999999997,0.0,352.83
割煤中,采煤机_破碎机_电机_电流,17885,7.448700027956388,13.590451560731236,0.0,19.0,0.0,29.0,0.0,306.0
割煤中,采煤机_破碎机_电机_温度,17885,107.98149287112105,181.0497372918538,48.0,19.0,35.0,644.0,0.0,645.0
割煤中,采煤机_油泵_右电机_电流,17885,19.150796757058988,7.753802898419801,17.0,1.0,16.0,41.0,0.0,69.0
割煤中,采煤机_油泵_左电机_电流,17885,18.308414872798433,6.595755124458427,17.0,0.0,16.0,26.0,0.0,69.0
割煤中,采煤机_油泵_右电机_温度,17885,49.788705619233994,7.1330912438075895,51.0,4.0,44.0,55.0,0.0,64.0
割煤中,采煤机_油泵_左电机_温度,17885,51.30215264187867,7.400682131339642,52.0,3.0,45.0,57.0,0.0,63.0
割煤中,采煤机_油泵_右油箱_油压,17885,3.042348336594912,2.7692287087908514,2.3,0.10000000000000009,2.2,6.9,0.1,26.0
割煤中,采煤机_油泵_左油箱_油压,17885,3.2877998322616717,3.000884204087269,2.4,0.20000000000000018,2.3,8.0,0.2,26.2
割煤中,采煤机_采煤机倾角_俯仰角,17885,0.6658820240424936,1.0732209720009027,0.6,1.4000000000000001,-1.0,2.6,-3.3,4.9
空载牵引,采煤机_牵引部位_采煤机速度,97,2.7979381443298967,2.8415227288998213,1.51,4.13,0.05,7.35,0.02,10.07
空载牵引,采煤机_截割部位_右滚筒_电机_电流,97,1.0309278350515463,10.100988630033724,0.0,0.0,0.0,0.0,0.0,100.0
空载牵引,采煤机_截割部位_左滚筒_电机_电流,97,1.288659793814433,12.626235787542154,0.0,0.0,0.0,0.0,0.0,125.0
空载牵引,采煤机_截割部位_右滚筒_电机_温度,97,52.2680412371134,8.402890351917055,48.0,11.0,45.0,69.0,43.0,77.0
空载牵引,采煤机_截割部位_左滚筒_电机_温度,97,55.07216494845361,9.42823946644916,50.0,9.0,47.8,73.59999999999997,46.0,86.0
空载牵引,采煤机_牵引部位_右电机_电流,97,91.87628865979381,56.659638124607895,79.0,62.0,0.0,168.99999999999994,0.0,239.0
空载牵引,采煤机_牵引部位_左电机_电流,97,96.9381443298969,57.903548389922676,84.0,66.0,0.0,182.0,0.0,235.0
空载牵引,采煤机_牵引部位_右电机_温度,97,50.824742268041234,8.028313696528238,50.0,10.0,38.0,68.0,38.0,74.0
空载牵引,采煤机_牵引部位_左电机_温度,97,50.55670103092783,7.785751024384885,51.0,9.0,37.0,67.0,37.0,73.0
空载牵引,采煤机_牵引部位_右电机_电压,97,744.1237113402062,332.1586770767248,900.0,60.0,0.0,950.0,0.0,1020.0
空载牵引,采煤机_牵引部位_左电机_电压,97,749.6907216494845,333.8727877014245,910.0,70.0,0.0,950.0,0.0,1030.0
空载牵引,采煤机_牵引部位_位置米数,97,171.18030927835056,87.73169590811895,146.42,89.92,36.18800000000002,325.75,0.0,341.03
空载牵引,采煤机_破碎机_电机_电流,97,0.27835051546391754,2.7272669301091055,0.0,0.0,0.0,0.0,0.0,27.0
空载牵引,采煤机_破碎机_电机_温度,97,239.93814432989691,283.63621300622964,42.0,604.0,33.0,644.0,33.0,645.0
空载牵引,采煤机_油泵_右电机_电流,97,15.75257731958763,9.465107846892186,20.0,8.0,0.0,22.0,0.0,59.0
空载牵引,采煤机_油泵_左电机_电流,97,16.896907216494846,13.233419531494716,19.0,7.0,0.0,30.799999999999557,0.0,63.0
空载牵引,采煤机_油泵_右电机_温度,97,47.44329896907217,6.321243959797572,48.0,9.0,38.0,58.39999999999998,38.0,68.0
空载牵引,采煤机_油泵_左电机_温度,97,48.71134020618557,6.523484558207137,50.0,12.0,41.0,58.19999999999999,39.0,66.0
空载牵引,采煤机_油泵_右油箱_油压,97,2.4144329896907215,2.4238501234126155,2.3,0.5,0.5,2.9199999999999986,0.0,19.0
空载牵引,采煤机_油泵_左油箱_油压,97,3.9072164948453603,5.826357590086878,2.5,0.7000000000000002,0.6,24.819999999999993,0.0,25.7
空载牵引,采煤机_采煤机倾角_俯仰角,97,0.5587628865979382,0.9083521476771033,0.3,0.8,-0.82,2.7,-1.6,3.7
