部位,参数,异常次数,异常占比,平均残差z,最大残差z
转载机ZZJ,转载机_变频器_IGBT1温度,1840,0.021071436751334143,5.079442173913042,16.4644
转载机ZZJ,转载机_变频器_IGBT2温度,1790,0.020499078114084815,5.125579720670392,15.837
转载机ZZJ,转载机_变频器_腔体温度,1781,0.020395776551155494,5.144630769230769,16.8052
转载机ZZJ,转载机_减速器_油箱_油位,1661,0.019021552415198918,5.31485851896448,23.8356
转载机ZZJ,转载机_链条速度,1480,0.016949928993540704,5.663778378378378,43.6265
转载机ZZJ,转载机_电机_转速,1459,0.01670942324430803,5.680914804660727,44.4211
转载机ZZJ,转载机_减速器_油箱_油温,1410,0.01614713359748975,6.344351134751774,24.1799
转载机ZZJ,转载机_减速器_冷却水_温度,1402,0.016055518655092645,4.830038516405136,22.874
转载机ZZJ,转载机_减速器_冷却水_流量,1266,0.014498064634341862,4.36143112164297,8.3619
转载机ZZJ,转载机_减速器_冷却水_压力,1140,0.013055876862466644,4.299296754385965,8.3123
截割部,油泵_左电机_电流,1103,0.028178009401185367,4.535056029011786,40.4741
截割部,油泵_右电机_电流,1021,0.026083180053137135,4.829235259549461,35.7766
牵引部,油泵_左电机_电流,955,0.024387752496233307,4.713721989528795,26.1917
截割部,牵引部位_右电机_温度,942,0.024061917290352244,4.470450849256901,14.4036
牵引部,油泵_右电机_电流,940,0.024004698792103988,4.838095957446808,25.8396
截割部,牵引部位_左电机_温度,918,0.023448874811617153,4.459846187363834,13.7739
油泵,油泵_左油箱_油压,896,0.022878153406189358,4.968778683035715,60.8985
截割部,截割部位_左滚筒_电机_温度,887,0.02265702827658433,4.816531905298761,22.2105
牵引部,牵引部位_左电机_温度,882,0.022520682259217648,4.7658884353741495,13.111
截割部,截割部位_右滚筒_电机_温度,880,0.022478224220286596,4.915987840909091,14.2201
牵引部,牵引部位_右电机_温度,871,0.022239812072311307,4.8362272101033295,13.1321
破碎机,油泵_左电机_电流,862,0.022010009192115206,4.606608468677494,25.4344
截割部,油泵_左电机_温度,858,0.02191626861477943,4.720263986013986,29.9127
截割部,油泵_右电机_温度,853,0.021788551431709623,4.570555451348183,29.8356
油泵,油泵_右油箱_油压,835,0.021320600551526913,5.5717576047904185,16.1369
油泵,油泵_左电机_电流,824,0.02103973036462057,5.28533567961165,43.2013
油泵,牵引部位_左电机_温度,818,0.020883862237994332,4.949268337408314,13.1335
油泵,牵引部位_右电机_温度,808,0.020628558298654547,5.026244554455446,13.3309
油泵,油泵_右电机_温度,792,0.020220071995710895,5.279158838383838,20.5732
油泵,油泵_左电机_温度,791,0.020194541601776916,5.396560809102401,20.1324
破碎机,油泵_右电机_电流,777,0.019839648656929835,4.771883655083655,28.2473
转载机ZZJ,转载机_电机_转矩,737,0.008440606532594255,5.956614654002713,55.5774
牵引部,牵引部位_位置米数,736,0.018798048680816287,4.131882472826087,11.2677
牵引部,油泵_左电机_温度,718,0.018333163108977632,5.496086629526462,30.6843
牵引部,油泵_右电机_温度,714,0.018231028495557144,5.394452240896358,31.8324
油泵,截割部位_左滚筒_电机_温度,706,0.01802445811738875,5.654480169971672,14.4749
破碎机,破碎机_电机_电流,697,0.017816973415132924,5.172218077474892,39.3559
破碎机,牵引部位_左电机_电流,696,0.01779277551959506,3.4068745689655175,5.7713
油泵,油泵_右电机_电流,695,0.017745889081809827,5.964531223021583,38.1826
牵引部,截割部位_左滚筒_电机_温度,679,0.017337350628127874,5.53008144329897,19.2021
破碎机,牵引部位_右电机_电流,676,0.017281488866733134,3.418373076923077,5.9041
牵引部,截割部位_右滚筒_电机_温度,655,0.016724542947604944,5.710610839694657,17.0801
油泵,截割部位_右滚筒_电机_温度,648,0.016543695269218003,5.979002314814815,15.4909
牵引部,牵引部位_左电机_电压,630,0.016086201613726894,4.199420476190476,32.3849
转载机ZZJ,转载机_电机_电流,628,0.0071922671675294335,6.927344267515923,42.8504
牵引部,破碎机_电机_电流,623,0.015927393583024415,5.2711845906902095,36.7724
牵引部,牵引部位_右电机_电压,620,0.015832886437345182,4.201704032258064,34.2769
破碎机,牵引部位_右电机_温度,611,0.015599070693660804,5.684665793780687,18.6753
破碎机,牵引部位_左电机_温度,606,0.015471418723990911,5.62234389438944,18.6255
破碎机,截割部位_右滚筒_电机_温度,588,0.0150118716331793,6.165094387755102,19.1667
破碎机,截割部位_左滚筒_电机_温度,572,0.014603385330235646,6.199840909090909,19.8256
牵引部,截割部位_右滚筒_电机_电流,549,0.014035536239294388,5.118161202185792,31.3005
破碎机,油泵_右电机_温度,537,0.0137098215425464,6.262316573556798,19.3737
牵引部,截割部位_左滚筒_电机_电流,530,0.013534564212569268,5.059435471698113,31.1437
破碎机,油泵_左电机_温度,525,0.01340345681533866,6.442550857142858,19.6049
破碎机,截割部位_左滚筒_电机_电流,501,0.012792360330916148,5.031377644710578,28.3808
截割部,牵引部位_右电机_电流,490,0.012532289828384358,5.265426326530612,26.5892
牵引部,牵引部位_右电机_电流,484,0.0123747187563919,5.024485537190083,36.7918
牵引部,牵引部位_左电机_电流,480,0.012272448353446513,5.039485,29.1378
截割部,牵引部位_左电机_电流,478,0.012225376608097393,5.361524686192468,25.9071
破碎机,截割部位_右滚筒_电机_电流,462,0.011809815950920245,5.436029437229437,27.7735
破碎机,破碎机_电机_温度,451,0.011528629856850716,6.171917073170731,60.4591
截割部,截割部位_左滚筒_电机_电流,426,0.010882893930104231,5.330620422535211,38.8373
截割部,截割部位_右滚筒_电机_电流,400,0.010229917393417049,5.487005,56.8355
油泵,截割部位_左滚筒_电机_电流,306,0.007813297926667347,7.530415359477124,52.301
油泵,截割部位_右滚筒_电机_电流,300,0.007668319615561576,6.994864666666666,53.8597
油泵,牵引部位_左电机_电流,293,0.007489966512436412,5.704365529010239,32.6217
油泵,牵引部位_右电机_电流,285,0.007285462307318694,5.821677894736842,31.1733
油泵,破碎机_电机_电流,284,0.007259342569398293,6.320477112676056,46.2047
截割部,破碎机_电机_电流,251,0.006419273164369198,5.536029482071713,26.1132
牵引部,牵引部位_采煤机速度,137,0.003499093300641075,7.530925547445256,28.688
截割部,破碎机_电机_温度,82,0.0020971330656504947,17.543498780487806,50.0213
牵引部,破碎机_电机_温度,65,0.0016617665857088073,19.74396769230769,63.3142
油泵,破碎机_电机_温度,50,0.0012780532692602629,22.721871999999998,69.929
